task,model,learning_rate,bucket,accuracy
lm-out-new-sort,1l1h16d,0.001,eval_len0-50,0.2215
lm-out-new-sort,1l1h16d,0.001,eval_len51-100,0.219
lm-out-new-sort,1l1h16d,0.001,eval_len101-150,0.0
lm-out-new-sort,1l1h16d,0.0001,eval_len0-50,0.0
lm-out-new-sort,1l1h16d,0.0001,eval_len51-100,0.0
lm-out-new-sort,1l1h16d,0.0001,eval_len101-150,0.0
lm-out-new-sort,1l1h64d,0.001,eval_len0-50,0.9865
lm-out-new-sort,1l1h64d,0.001,eval_len51-100,0.9545
lm-out-new-sort,1l1h64d,0.001,eval_len101-150,0.5095
lm-out-new-sort,1l1h64d,0.0001,eval_len0-50,0.7905
lm-out-new-sort,1l1h64d,0.0001,eval_len51-100,0.9835
lm-out-new-sort,1l1h64d,0.0001,eval_len101-150,0.9545
lm-out-new-sort,1l1h256d,0.001,eval_len0-50,0.998
lm-out-new-sort,1l1h256d,0.001,eval_len51-100,0.9935
lm-out-new-sort,1l1h256d,0.001,eval_len101-150,0.7005
lm-out-new-sort,1l1h256d,0.0001,eval_len0-50,1.0
lm-out-new-sort,1l1h256d,0.0001,eval_len51-100,1.0
lm-out-new-sort,1l1h256d,0.0001,eval_len101-150,1.0
ssm-out-new-bin_majority_interleave,4l256d0dr,0.001,eval_len0-50,1.0
ssm-out-new-bin_majority_interleave,4l256d0dr,0.001,eval_len51-100,0.957
ssm-out-new-bin_majority_interleave,4l256d0dr,0.001,eval_len101-150,0.9235
ssm-out-new-bin_majority_interleave,4l256d0dr,0.0001,eval_len0-50,1.0
ssm-out-new-bin_majority_interleave,4l256d0dr,0.0001,eval_len51-100,0.911
ssm-out-new-bin_majority_interleave,4l256d0dr,0.0001,eval_len101-150,0.774
ssm-out-new-mqar,4l256d0dr,0.001,eval_len0-50,0.6485
ssm-out-new-mqar,4l256d0dr,0.001,eval_len51-100,0.515
ssm-out-new-mqar,4l256d0dr,0.001,eval_len101-150,0.498
ssm-out-new-mqar,4l256d0dr,0.0001,eval_len0-50,0.6085
ssm-out-new-mqar,4l256d0dr,0.0001,eval_len51-100,0.4975
ssm-out-new-mqar,4l256d0dr,0.0001,eval_len101-150,0.519
bin_majority,lm1l1h16d,0.001,eval_len0-50,1.0
bin_majority,lm1l1h16d,0.001,eval_len51-100,1.0
bin_majority,lm1l1h16d,0.001,eval_len101-150,1.0
lm-out-new-bin_majority,1l1h16d,0.001,eval_len0-50,1.0
lm-out-new-bin_majority,1l1h16d,0.001,eval_len51-100,1.0
lm-out-new-bin_majority,1l1h16d,0.001,eval_len101-150,1.0
lm-out-new-majority,1l1h16d,0.001,eval_len0-50,0.3465
lm-out-new-majority,1l1h16d,0.001,eval_len51-100,0.218
lm-out-new-majority,1l1h16d,0.001,eval_len101-150,0.19
lm-out-new-majority,1l1h16d,0.0001,eval_len0-50,0.109
lm-out-new-majority,1l1h16d,0.0001,eval_len51-100,0.0965
lm-out-new-majority,1l1h16d,0.0001,eval_len101-150,0.098
lm-out-new-majority,1l1h64d,0.001,eval_len0-50,0.88
lm-out-new-majority,1l1h64d,0.001,eval_len51-100,0.727
lm-out-new-majority,1l1h64d,0.001,eval_len101-150,0.6505
lm-out-new-majority,1l1h64d,0.0001,eval_len0-50,1.0
lm-out-new-majority,1l1h64d,0.0001,eval_len51-100,0.976
lm-out-new-majority,1l1h64d,0.0001,eval_len101-150,0.879
lm-out-new-majority,1l1h256d,0.001,eval_len0-50,1.0
lm-out-new-majority,1l1h256d,0.001,eval_len51-100,0.9765
lm-out-new-majority,1l1h256d,0.001,eval_len101-150,0.9505
lm-out-new-majority,1l1h256d,0.0001,eval_len0-50,1.0
lm-out-new-majority,1l1h256d,0.0001,eval_len51-100,0.9875
lm-out-new-majority,1l1h256d,0.0001,eval_len101-150,0.927
lm-out-new-majority,1l2h16d,0.001,eval_len0-50,0.432
lm-out-new-majority,1l2h16d,0.001,eval_len51-100,0.2795
lm-out-new-majority,1l2h16d,0.001,eval_len101-150,0.2645
lm-out-new-majority,1l2h16d,0.0001,eval_len0-50,0.1105
lm-out-new-majority,1l2h16d,0.0001,eval_len51-100,0.094
lm-out-new-majority,1l2h16d,0.0001,eval_len101-150,0.0905
lm-out-new-majority,1l2h64d,0.001,eval_len0-50,0.921
lm-out-new-majority,1l2h64d,0.001,eval_len51-100,0.792
lm-out-new-majority,1l2h64d,0.001,eval_len101-150,0.7195
lm-out-new-majority,1l2h64d,0.0001,eval_len0-50,1.0
lm-out-new-majority,1l2h64d,0.0001,eval_len51-100,0.962
lm-out-new-majority,1l2h64d,0.0001,eval_len101-150,0.854
lm-out-new-majority,1l2h256d,0.001,eval_len0-50,1.0
lm-out-new-majority,1l2h256d,0.001,eval_len51-100,0.999
lm-out-new-majority,1l2h256d,0.001,eval_len101-150,0.9935
lm-out-new-majority,1l2h256d,0.0001,eval_len0-50,1.0
lm-out-new-majority,1l2h256d,0.0001,eval_len51-100,0.9785
lm-out-new-majority,1l2h256d,0.0001,eval_len101-150,0.8965
lm-out-new-majority,1l4h16d,0.001,eval_len0-50,0.447
lm-out-new-majority,1l4h16d,0.001,eval_len51-100,0.274
lm-out-new-majority,1l4h16d,0.001,eval_len101-150,0.2585
lm-out-new-majority,1l4h16d,0.0001,eval_len0-50,0.113
lm-out-new-majority,1l4h16d,0.0001,eval_len51-100,0.0905
lm-out-new-majority,1l4h16d,0.0001,eval_len101-150,0.0925
lm-out-new-majority,1l4h64d,0.001,eval_len0-50,0.9355
lm-out-new-majority,1l4h64d,0.001,eval_len51-100,0.7975
lm-out-new-majority,1l4h64d,0.001,eval_len101-150,0.737
lm-out-new-majority,1l4h64d,0.0001,eval_len0-50,1.0
lm-out-new-majority,1l4h64d,0.0001,eval_len51-100,0.964
lm-out-new-majority,1l4h64d,0.0001,eval_len101-150,0.84
lm-out-new-majority,1l4h256d,0.001,eval_len0-50,1.0
lm-out-new-majority,1l4h256d,0.001,eval_len51-100,0.999
lm-out-new-majority,1l4h256d,0.001,eval_len101-150,0.987
lm-out-new-majority,1l4h256d,0.0001,eval_len0-50,1.0
lm-out-new-majority,1l4h256d,0.0001,eval_len51-100,0.978
lm-out-new-majority,1l4h256d,0.0001,eval_len101-150,0.9235
lm-out-new-majority,2l1h16d,0.001,eval_len0-50,1.0
lm-out-new-majority,2l1h16d,0.001,eval_len51-100,0.934
lm-out-new-majority,2l1h16d,0.001,eval_len101-150,0.591
lm-out-new-majority,2l1h16d,0.0001,eval_len0-50,0.4845
lm-out-new-majority,2l1h16d,0.0001,eval_len51-100,0.3215
lm-out-new-majority,2l1h16d,0.0001,eval_len101-150,0.278
lm-out-new-majority,2l1h64d,0.001,eval_len0-50,1.0
lm-out-new-majority,2l1h64d,0.001,eval_len51-100,0.9775
lm-out-new-majority,2l1h64d,0.001,eval_len101-150,0.906
lm-out-new-majority,2l1h64d,0.0001,eval_len0-50,1.0
lm-out-new-majority,2l1h64d,0.0001,eval_len51-100,0.9575
lm-out-new-majority,2l1h64d,0.0001,eval_len101-150,0.855
lm-out-new-majority,2l1h256d,0.001,eval_len0-50,1.0
lm-out-new-majority,2l1h256d,0.001,eval_len51-100,0.999
lm-out-new-majority,2l1h256d,0.001,eval_len101-150,0.995
lm-out-new-majority,2l1h256d,0.0001,eval_len0-50,1.0
lm-out-new-majority,2l1h256d,0.0001,eval_len51-100,0.992
lm-out-new-majority,2l1h256d,0.0001,eval_len101-150,0.9595
lm-out-new-majority,2l2h16d,0.001,eval_len0-50,0.8715
lm-out-new-majority,2l2h16d,0.001,eval_len51-100,0.6835
lm-out-new-majority,2l2h16d,0.001,eval_len101-150,0.571
lm-out-new-majority,2l2h16d,0.0001,eval_len0-50,0.446
lm-out-new-majority,2l2h16d,0.0001,eval_len51-100,0.295
lm-out-new-majority,2l2h16d,0.0001,eval_len101-150,0.2685
lm-out-new-majority,2l2h64d,0.001,eval_len0-50,1.0
lm-out-new-majority,2l2h64d,0.001,eval_len51-100,0.997
lm-out-new-majority,2l2h64d,0.001,eval_len101-150,0.9555
lm-out-new-majority,2l2h64d,0.0001,eval_len0-50,1.0
lm-out-new-majority,2l2h64d,0.0001,eval_len51-100,0.982
lm-out-new-majority,2l2h64d,0.0001,eval_len101-150,0.905
lm-out-new-majority,2l2h256d,0.001,eval_len0-50,1.0
lm-out-new-majority,2l2h256d,0.001,eval_len51-100,0.999
lm-out-new-majority,2l2h256d,0.001,eval_len101-150,0.979
lm-out-new-majority,2l2h256d,0.0001,eval_len0-50,1.0
lm-out-new-majority,2l2h256d,0.0001,eval_len51-100,0.9815
lm-out-new-majority,2l2h256d,0.0001,eval_len101-150,0.9345
lm-out-new-majority,2l4h16d,0.001,eval_len0-50,0.998
lm-out-new-majority,2l4h16d,0.001,eval_len51-100,0.9335
lm-out-new-majority,2l4h16d,0.001,eval_len101-150,0.7725
lm-out-new-majority,2l4h16d,0.0001,eval_len0-50,0.4605
lm-out-new-majority,2l4h16d,0.0001,eval_len51-100,0.3275
lm-out-new-majority,2l4h16d,0.0001,eval_len101-150,0.2895
lm-out-new-majority,2l4h64d,0.001,eval_len0-50,1.0
lm-out-new-majority,2l4h64d,0.001,eval_len51-100,0.9885
lm-out-new-majority,2l4h64d,0.001,eval_len101-150,0.929
lm-out-new-majority,2l4h64d,0.0001,eval_len0-50,1.0
lm-out-new-majority,2l4h64d,0.0001,eval_len51-100,0.9865
lm-out-new-majority,2l4h64d,0.0001,eval_len101-150,0.9085
lm-out-new-majority,2l4h256d,0.001,eval_len0-50,1.0
lm-out-new-majority,2l4h256d,0.001,eval_len51-100,0.997
lm-out-new-majority,2l4h256d,0.001,eval_len101-150,0.975
lm-out-new-majority,2l4h256d,0.0001,eval_len0-50,1.0
lm-out-new-majority,2l4h256d,0.0001,eval_len51-100,0.9905
lm-out-new-majority,2l4h256d,0.0001,eval_len101-150,0.937
lm-out-new-majority,4l1h16d,0.001,eval_len0-50,1.0
lm-out-new-majority,4l1h16d,0.001,eval_len51-100,0.9735
lm-out-new-majority,4l1h16d,0.001,eval_len101-150,0.871
lm-out-new-majority,4l1h16d,0.0001,eval_len0-50,0.6235
lm-out-new-majority,4l1h16d,0.0001,eval_len51-100,0.439
lm-out-new-majority,4l1h16d,0.0001,eval_len101-150,0.3825
lm-out-new-majority,4l1h64d,0.001,eval_len0-50,1.0
lm-out-new-majority,4l1h64d,0.001,eval_len51-100,0.994
lm-out-new-majority,4l1h64d,0.001,eval_len101-150,0.958
lm-out-new-majority,4l1h64d,0.0001,eval_len0-50,1.0
lm-out-new-majority,4l1h64d,0.0001,eval_len51-100,0.9835
lm-out-new-majority,4l1h64d,0.0001,eval_len101-150,0.935
lm-out-new-majority,4l1h256d,0.001,eval_len0-50,1.0
lm-out-new-majority,4l1h256d,0.001,eval_len51-100,0.9985
lm-out-new-majority,4l1h256d,0.001,eval_len101-150,0.9855
lm-out-new-majority,4l1h256d,0.0001,eval_len0-50,1.0
lm-out-new-majority,4l1h256d,0.0001,eval_len51-100,0.9975
lm-out-new-majority,4l1h256d,0.0001,eval_len101-150,0.974
lm-out-new-majority,4l2h16d,0.001,eval_len0-50,1.0
lm-out-new-majority,4l2h16d,0.001,eval_len51-100,0.9785
lm-out-new-majority,4l2h16d,0.001,eval_len101-150,0.9025
lm-out-new-majority,4l2h16d,0.0001,eval_len0-50,0.6235
lm-out-new-majority,4l2h16d,0.0001,eval_len51-100,0.4435
lm-out-new-majority,4l2h16d,0.0001,eval_len101-150,0.3675
lm-out-new-majority,4l2h64d,0.001,eval_len0-50,1.0
lm-out-new-majority,4l2h64d,0.001,eval_len51-100,0.991
lm-out-new-majority,4l2h64d,0.001,eval_len101-150,0.9475
lm-out-new-majority,4l2h64d,0.0001,eval_len0-50,1.0
lm-out-new-majority,4l2h64d,0.0001,eval_len51-100,0.9865
lm-out-new-majority,4l2h64d,0.0001,eval_len101-150,0.944
lm-out-new-majority,4l2h256d,0.001,eval_len0-50,1.0
lm-out-new-majority,4l2h256d,0.001,eval_len51-100,0.983
lm-out-new-majority,4l2h256d,0.001,eval_len101-150,0.9275
lm-out-new-majority,4l2h256d,0.0001,eval_len0-50,1.0
lm-out-new-majority,4l2h256d,0.0001,eval_len51-100,0.9835
lm-out-new-majority,4l2h256d,0.0001,eval_len101-150,0.9605
lm-out-new-majority,4l4h16d,0.001,eval_len0-50,1.0
lm-out-new-majority,4l4h16d,0.001,eval_len51-100,0.977
lm-out-new-majority,4l4h16d,0.001,eval_len101-150,0.864
lm-out-new-majority,4l4h16d,0.0001,eval_len0-50,0.4525
lm-out-new-majority,4l4h16d,0.0001,eval_len51-100,0.304
lm-out-new-majority,4l4h16d,0.0001,eval_len101-150,0.2515
lm-out-new-majority,4l4h64d,0.001,eval_len0-50,1.0
lm-out-new-majority,4l4h64d,0.001,eval_len51-100,0.994
lm-out-new-majority,4l4h64d,0.001,eval_len101-150,0.943
lm-out-new-majority,4l4h64d,0.0001,eval_len0-50,1.0
lm-out-new-majority,4l4h64d,0.0001,eval_len51-100,0.963
lm-out-new-majority,4l4h64d,0.0001,eval_len101-150,0.8785
lm-out-new-majority,4l4h256d,0.001,eval_len0-50,1.0
lm-out-new-majority,4l4h256d,0.001,eval_len51-100,1.0
lm-out-new-majority,4l4h256d,0.001,eval_len101-150,0.9975
lm-out-new-mqar,1l1h16d,0.001,eval_len0-50,0.514
lm-out-new-mqar,1l1h16d,0.001,eval_len51-100,0.4995
lm-out-new-mqar,1l1h16d,0.001,eval_len101-150,0.4805
lm-out-new-mqar,1l1h16d,0.0001,eval_len0-50,0.514
lm-out-new-mqar,1l1h16d,0.0001,eval_len51-100,0.4995
lm-out-new-mqar,1l1h16d,0.0001,eval_len101-150,0.4805
lm-out-new-mqar,1l1h64d,0.001,eval_len0-50,0.5795
lm-out-new-mqar,1l1h64d,0.001,eval_len51-100,0.509
lm-out-new-mqar,1l1h64d,0.001,eval_len101-150,0.5195
lm-out-new-mqar,1l1h64d,0.0001,eval_len0-50,0.576
lm-out-new-mqar,1l1h64d,0.0001,eval_len51-100,0.494
lm-out-new-mqar,1l1h64d,0.0001,eval_len101-150,0.506
lm-out-new-mqar,1l1h256d,0.001,eval_len0-50,0.591
lm-out-new-mqar,1l1h256d,0.001,eval_len51-100,0.4995
lm-out-new-mqar,1l1h256d,0.001,eval_len101-150,0.4805
lm-out-new-mqar,1l1h256d,0.0001,eval_len0-50,0.5855
lm-out-new-mqar,1l1h256d,0.0001,eval_len51-100,0.4805
lm-out-new-mqar,1l1h256d,0.0001,eval_len101-150,0.4095
lm-out-new-mqar,1l2h16d,0.001,eval_len0-50,0.5855
lm-out-new-mqar,1l2h16d,0.001,eval_len51-100,0.5005
lm-out-new-mqar,1l2h16d,0.001,eval_len101-150,0.507
lm-out-new-mqar,1l2h16d,0.0001,eval_len0-50,0.514
lm-out-new-mqar,1l2h16d,0.0001,eval_len51-100,0.4995
lm-out-new-mqar,1l2h16d,0.0001,eval_len101-150,0.4805
lm-out-new-unique_copy,1l1h16d,0.001,eval_len0-50,0.0
lm-out-new-unique_copy,1l1h16d,0.001,eval_len51-100,0.0
lm-out-new-unique_copy,1l1h16d,0.001,eval_len101-150,0.0
lm-out-new-unique_copy,1l1h16d,0.0001,eval_len0-50,0.0165
lm-out-new-unique_copy,1l1h16d,0.0001,eval_len51-100,0.0
lm-out-new-unique_copy,1l1h16d,0.0001,eval_len101-150,0.0
lm-out-new-unique_copy,1l1h64d,0.001,eval_len0-50,0.0195
lm-out-new-unique_copy,1l1h64d,0.001,eval_len51-100,0.0
lm-out-new-unique_copy,1l1h64d,0.001,eval_len101-150,0.0
lm-out-new-unique_copy,1l1h64d,0.0001,eval_len0-50,0.0075
lm-out-new-unique_copy,1l1h64d,0.0001,eval_len51-100,0.0
lm-out-new-unique_copy,1l1h64d,0.0001,eval_len101-150,0.0
lm-out-new-unique_copy,1l1h256d,0.001,eval_len0-50,0.042
lm-out-new-unique_copy,1l1h256d,0.001,eval_len51-100,0.0
lm-out-new-unique_copy,1l1h256d,0.001,eval_len101-150,0.0
lm-out-new-unique_copy,1l1h256d,0.0001,eval_len0-50,0.017
lm-out-new-unique_copy,1l1h256d,0.0001,eval_len51-100,0.0
lm-out-new-unique_copy,1l1h256d,0.0001,eval_len101-150,0.0
lm-out-new-unique_copy,1l2h16d,0.001,eval_len0-50,0.002
lm-out-new-unique_copy,1l2h16d,0.001,eval_len51-100,0.0
lm-out-new-unique_copy,1l2h16d,0.001,eval_len101-150,0.0
lm-out-new-unique_copy,1l2h16d,0.0001,eval_len0-50,0.017
lm-out-new-unique_copy,1l2h16d,0.0001,eval_len51-100,0.0
lm-out-new-unique_copy,1l2h16d,0.0001,eval_len101-150,0.0
lm-out-new-unique_copy,1l2h64d,0.001,eval_len0-50,0.022
lm-out-new-unique_copy,1l2h64d,0.001,eval_len51-100,0.0
lm-out-new-unique_copy,1l2h64d,0.001,eval_len101-150,0.0
lm-out-new-unique_copy,1l2h64d,0.0001,eval_len0-50,0.0085
lm-out-new-unique_copy,1l2h64d,0.0001,eval_len51-100,0.0
lm-out-new-unique_copy,1l2h64d,0.0001,eval_len101-150,0.0
lm-out-new-unique_copy,1l2h256d,0.001,eval_len0-50,0.077
lm-out-new-unique_copy,1l2h256d,0.001,eval_len51-100,0.0
lm-out-new-unique_copy,1l2h256d,0.001,eval_len101-150,0.0
lm-out-new-unique_copy,1l2h256d,0.0001,eval_len0-50,0.017
lm-out-new-unique_copy,1l2h256d,0.0001,eval_len51-100,0.0
lm-out-new-unique_copy,1l2h256d,0.0001,eval_len101-150,0.0
lm-out-new-unique_copy,1l4h16d,0.001,eval_len0-50,0.0155
lm-out-new-unique_copy,1l4h16d,0.001,eval_len51-100,0.0
lm-out-new-unique_copy,1l4h16d,0.001,eval_len101-150,0.0
lm-out-new-unique_copy,1l4h16d,0.0001,eval_len0-50,0.004
lm-out-new-unique_copy,1l4h16d,0.0001,eval_len51-100,0.0
lm-out-new-unique_copy,1l4h16d,0.0001,eval_len101-150,0.0
lm-out-new-unique_copy,1l4h64d,0.001,eval_len0-50,0.0215
lm-out-new-unique_copy,1l4h64d,0.001,eval_len51-100,0.0
lm-out-new-unique_copy,1l4h64d,0.001,eval_len101-150,0.0
lm-out-new-unique_copy,1l4h64d,0.0001,eval_len0-50,0.017
lm-out-new-unique_copy,1l4h64d,0.0001,eval_len51-100,0.0
lm-out-new-unique_copy,1l4h64d,0.0001,eval_len101-150,0.0
lm-out-new-unique_copy,1l4h256d,0.001,eval_len0-50,0.084
lm-out-new-unique_copy,1l4h256d,0.001,eval_len51-100,0.0
lm-out-new-unique_copy,1l4h256d,0.001,eval_len101-150,0.0
lm-out-new-unique_copy,1l4h256d,0.0001,eval_len0-50,0.0265
lm-out-new-unique_copy,1l4h256d,0.0001,eval_len51-100,0.0
lm-out-new-unique_copy,1l4h256d,0.0001,eval_len101-150,0.0
lm-out-new-unique_copy,2l1h16d,0.001,eval_len0-50,0.046
lm-out-new-unique_copy,2l1h16d,0.001,eval_len51-100,0.0
lm-out-new-unique_copy,2l1h16d,0.001,eval_len101-150,0.0
lm-out-new-unique_copy,2l1h16d,0.0001,eval_len0-50,0.0005
lm-out-new-unique_copy,2l1h16d,0.0001,eval_len51-100,0.0
lm-out-new-unique_copy,2l1h16d,0.0001,eval_len101-150,0.0
lm-out-new-unique_copy,2l1h64d,0.001,eval_len0-50,1.0
lm-out-new-unique_copy,2l1h64d,0.001,eval_len51-100,1.0
lm-out-new-unique_copy,2l1h64d,0.001,eval_len101-150,0.9965
mqar,ssm1l16d0dr,0.001,eval_len0-50,0.577
mqar,ssm1l16d0dr,0.001,eval_len51-100,0.488
mqar,ssm1l16d0dr,0.001,eval_len101-150,0.483
mqar,ssm1l16d0dr,0.0001,eval_len0-50,0.5605
mqar,ssm1l16d0dr,0.0001,eval_len51-100,0.5085
mqar,ssm1l16d0dr,0.0001,eval_len101-150,0.503
sort,ssm1l16d0dr,0.001,eval_len0-50,0.0005
sort,ssm1l16d0dr,0.001,eval_len51-100,0.0
sort,ssm1l16d0dr,0.001,eval_len101-150,0.0
ssm-out-new-sort,4l256d0dr,0.001,eval_len0-50,0.996
ssm-out-new-sort,4l256d0dr,0.001,eval_len51-100,0.06
ssm-out-new-sort,4l256d0dr,0.001,eval_len101-150,0.0
lm-out-new-mqar,1l2h64d,0.001,eval_len0-50,0.593
lm-out-new-mqar,1l2h64d,0.001,eval_len51-100,0.505
lm-out-new-mqar,1l2h64d,0.001,eval_len101-150,0.5195
lm-out-new-mqar,1l2h64d,0.0001,eval_len0-50,0.58
lm-out-new-mqar,1l2h64d,0.0001,eval_len51-100,0.502
lm-out-new-mqar,1l2h64d,0.0001,eval_len101-150,0.485
lm-out-new-mqar,1l2h256d,0.001,eval_len0-50,0.6005
lm-out-new-mqar,1l2h256d,0.001,eval_len51-100,0.5045
lm-out-new-mqar,1l2h256d,0.001,eval_len101-150,0.5075
lm-out-new-mqar,1l2h256d,0.0001,eval_len0-50,0.5935
lm-out-new-mqar,1l2h256d,0.0001,eval_len51-100,0.514
lm-out-new-mqar,1l2h256d,0.0001,eval_len101-150,0.4855
lm-out-new-mqar,1l4h16d,0.001,eval_len0-50,0.5885
lm-out-new-mqar,1l4h16d,0.001,eval_len51-100,0.4885
lm-out-new-mqar,1l4h16d,0.001,eval_len101-150,0.515
lm-out-new-mqar,1l4h16d,0.0001,eval_len0-50,0.584
lm-out-new-mqar,1l4h16d,0.0001,eval_len51-100,0.5025
lm-out-new-mqar,1l4h16d,0.0001,eval_len101-150,0.486
lm-out-new-mqar,1l4h64d,0.001,eval_len0-50,0.5825
lm-out-new-mqar,1l4h64d,0.001,eval_len51-100,0.504
lm-out-new-mqar,1l4h64d,0.001,eval_len101-150,0.5195
lm-out-new-mqar,1l4h64d,0.0001,eval_len0-50,0.5835
lm-out-new-mqar,1l4h64d,0.0001,eval_len51-100,0.5
lm-out-new-mqar,1l4h64d,0.0001,eval_len101-150,0.4805
lm-out-new-mqar,1l4h256d,0.001,eval_len0-50,0.597
lm-out-new-mqar,1l4h256d,0.001,eval_len51-100,0.475
lm-out-new-mqar,1l4h256d,0.001,eval_len101-150,0.4715
lm-out-new-mqar,1l4h256d,0.0001,eval_len0-50,0.598
lm-out-new-mqar,1l4h256d,0.0001,eval_len51-100,0.505
lm-out-new-mqar,1l4h256d,0.0001,eval_len101-150,0.5145
lm-out-new-mqar,2l1h16d,0.001,eval_len0-50,0.588
lm-out-new-mqar,2l1h16d,0.001,eval_len51-100,0.508
lm-out-new-mqar,2l1h16d,0.001,eval_len101-150,0.485
lm-out-new-mqar,2l1h16d,0.0001,eval_len0-50,0.5835
lm-out-new-mqar,2l1h16d,0.0001,eval_len51-100,0.502
lm-out-new-mqar,2l1h16d,0.0001,eval_len101-150,0.5195
lm-out-new-mqar,2l1h64d,0.001,eval_len0-50,0.589
lm-out-new-mqar,2l1h64d,0.001,eval_len51-100,0.484
lm-out-new-mqar,2l1h64d,0.001,eval_len101-150,0.4775
lm-out-new-mqar,2l1h64d,0.0001,eval_len0-50,0.589
lm-out-new-mqar,2l1h64d,0.0001,eval_len51-100,0.5165
lm-out-new-mqar,2l1h64d,0.0001,eval_len101-150,0.5195
lm-out-new-mqar,2l1h256d,0.001,eval_len0-50,0.5845
lm-out-new-mqar,2l1h256d,0.001,eval_len51-100,0.509
lm-out-new-mqar,2l1h256d,0.001,eval_len101-150,0.498
lm-out-new-mqar,2l1h256d,0.0001,eval_len0-50,0.593
lm-out-new-mqar,2l1h256d,0.0001,eval_len51-100,0.4975
lm-out-new-mqar,2l1h256d,0.0001,eval_len101-150,0.4865
lm-out-new-mqar,2l2h16d,0.001,eval_len0-50,0.593
lm-out-new-mqar,2l2h16d,0.001,eval_len51-100,0.5115
lm-out-new-mqar,2l2h16d,0.001,eval_len101-150,0.4825
lm-out-new-mqar,2l2h16d,0.0001,eval_len0-50,0.5865
lm-out-new-mqar,2l2h16d,0.0001,eval_len51-100,0.5005
lm-out-new-mqar,2l2h16d,0.0001,eval_len101-150,0.5195
lm-out-new-mqar,2l2h64d,0.001,eval_len0-50,0.588
lm-out-new-mqar,2l2h64d,0.001,eval_len51-100,0.498
lm-out-new-mqar,2l2h64d,0.001,eval_len101-150,0.5245
lm-out-new-mqar,2l2h64d,0.0001,eval_len0-50,0.5885
lm-out-new-mqar,2l2h64d,0.0001,eval_len51-100,0.487
lm-out-new-mqar,2l2h64d,0.0001,eval_len101-150,0.484
lm-out-new-mqar,2l2h256d,0.001,eval_len0-50,0.581
lm-out-new-mqar,2l2h256d,0.001,eval_len51-100,0.486
lm-out-new-mqar,2l2h256d,0.001,eval_len101-150,0.5145
mqar,ssm1l16d0.1dr,0.001,eval_len0-50,0.5735
mqar,ssm1l16d0.1dr,0.001,eval_len51-100,0.5055
mqar,ssm1l16d0.1dr,0.001,eval_len101-150,0.502
mqar,ssm1l16d0.1dr,0.0001,eval_len0-50,0.545
mqar,ssm1l16d0.1dr,0.0001,eval_len51-100,0.489
mqar,ssm1l16d0.1dr,0.0001,eval_len101-150,0.493
mqar,ssm1l64d0dr,0.001,eval_len0-50,0.6115
mqar,ssm1l64d0dr,0.001,eval_len51-100,0.504
mqar,ssm1l64d0dr,0.001,eval_len101-150,0.512
mqar,ssm1l64d0dr,0.0001,eval_len0-50,0.577
mqar,ssm1l64d0dr,0.0001,eval_len51-100,0.501
mqar,ssm1l64d0dr,0.0001,eval_len101-150,0.504
mqar,ssm1l64d0.1dr,0.001,eval_len0-50,0.6075
mqar,ssm1l64d0.1dr,0.001,eval_len51-100,0.496
mqar,ssm1l64d0.1dr,0.001,eval_len101-150,0.4745
mqar,ssm1l64d0.1dr,0.0001,eval_len0-50,0.575
mqar,ssm1l64d0.1dr,0.0001,eval_len51-100,0.506
mqar,ssm1l64d0.1dr,0.0001,eval_len101-150,0.5025
mqar,ssm1l256d0dr,0.001,eval_len0-50,0.6375
mqar,ssm1l256d0dr,0.001,eval_len51-100,0.4995
mqar,ssm1l256d0dr,0.001,eval_len101-150,0.5045
mqar,ssm1l256d0dr,0.0001,eval_len0-50,0.5935
mqar,ssm1l256d0dr,0.0001,eval_len51-100,0.5035
mqar,ssm1l256d0dr,0.0001,eval_len101-150,0.508
mqar,ssm1l256d0.1dr,0.001,eval_len0-50,0.6325
mqar,ssm1l256d0.1dr,0.001,eval_len51-100,0.5125
mqar,ssm1l256d0.1dr,0.001,eval_len101-150,0.479
mqar,ssm1l256d0.1dr,0.0001,eval_len0-50,0.5905
mqar,ssm1l256d0.1dr,0.0001,eval_len51-100,0.495
mqar,ssm1l256d0.1dr,0.0001,eval_len101-150,0.496
mqar,ssm4l16d0dr,0.001,eval_len0-50,0.6145
mqar,ssm4l16d0dr,0.001,eval_len51-100,0.4945
mqar,ssm4l16d0dr,0.001,eval_len101-150,0.4985
mqar,ssm4l16d0dr,0.0001,eval_len0-50,0.577
mqar,ssm4l16d0dr,0.0001,eval_len51-100,0.4855
mqar,ssm4l16d0dr,0.0001,eval_len101-150,0.4775
mqar,ssm4l16d0.1dr,0.001,eval_len0-50,0.5935
mqar,ssm4l16d0.1dr,0.001,eval_len51-100,0.5015
mqar,ssm4l16d0.1dr,0.001,eval_len101-150,0.49
mqar,ssm4l16d0.1dr,0.0001,eval_len0-50,0.5735
mqar,ssm4l16d0.1dr,0.0001,eval_len51-100,0.4915
mqar,ssm4l16d0.1dr,0.0001,eval_len101-150,0.4845
mqar,ssm4l64d0dr,0.001,eval_len0-50,0.6325
mqar,ssm4l64d0dr,0.001,eval_len51-100,0.5
mqar,ssm4l64d0dr,0.001,eval_len101-150,0.479
mqar,ssm4l64d0dr,0.0001,eval_len0-50,0.607
mqar,ssm4l64d0dr,0.0001,eval_len51-100,0.5035
mqar,ssm4l64d0dr,0.0001,eval_len101-150,0.49
mqar,ssm4l64d0.1dr,0.001,eval_len0-50,0.591
mqar,ssm4l64d0.1dr,0.001,eval_len51-100,0.4875
mqar,ssm4l64d0.1dr,0.001,eval_len101-150,0.5005
mqar,ssm4l64d0.1dr,0.0001,eval_len0-50,0.585
mqar,ssm4l64d0.1dr,0.0001,eval_len51-100,0.5075
mqar,ssm4l64d0.1dr,0.0001,eval_len101-150,0.4785
mqar,ssm4l256d0dr,0.001,eval_len0-50,0.6475
mqar,ssm4l256d0dr,0.001,eval_len51-100,0.4725
mqar,ssm4l256d0dr,0.001,eval_len101-150,0.4795
mqar,ssm4l256d0dr,0.0001,eval_len0-50,0.6085
mqar,ssm4l256d0dr,0.0001,eval_len51-100,0.4975
mqar,ssm4l256d0dr,0.0001,eval_len101-150,0.519
mqar,ssm4l256d0.1dr,0.001,eval_len0-50,0.6355
mqar,ssm4l256d0.1dr,0.001,eval_len51-100,0.5215
mqar,ssm4l256d0.1dr,0.001,eval_len101-150,0.5135
mqar,ssm4l256d0.1dr,0.0001,eval_len0-50,0.606
mqar,ssm4l256d0.1dr,0.0001,eval_len51-100,0.4935
mqar,ssm4l256d0.1dr,0.0001,eval_len101-150,0.5325
mqar,ssm8l16d0dr,0.001,eval_len0-50,0.621
mqar,ssm8l16d0dr,0.001,eval_len51-100,0.4935
mqar,ssm8l16d0dr,0.001,eval_len101-150,0.422
mqar,ssm8l16d0dr,0.0001,eval_len0-50,0.579
mqar,ssm8l16d0dr,0.0001,eval_len51-100,0.5075
mqar,ssm8l16d0dr,0.0001,eval_len101-150,0.4655
mqar,ssm8l16d0.1dr,0.001,eval_len0-50,0.6
mqar,ssm8l16d0.1dr,0.001,eval_len51-100,0.499
mqar,ssm8l16d0.1dr,0.001,eval_len101-150,0.4945
mqar,ssm8l16d0.1dr,0.0001,eval_len0-50,0.5885
mqar,ssm8l16d0.1dr,0.0001,eval_len51-100,0.503
mqar,ssm8l16d0.1dr,0.0001,eval_len101-150,0.4955
mqar,ssm8l64d0dr,0.001,eval_len0-50,0.6495
mqar,ssm8l64d0dr,0.001,eval_len51-100,0.503
mqar,ssm8l64d0dr,0.001,eval_len101-150,0.513
mqar,ssm8l64d0dr,0.0001,eval_len0-50,0.585
mqar,ssm8l64d0dr,0.0001,eval_len51-100,0.4925
mqar,ssm8l64d0dr,0.0001,eval_len101-150,0.497
sort,ssm1l16d0dr,0.0001,eval_len0-50,0.0
sort,ssm1l16d0dr,0.0001,eval_len51-100,0.0
sort,ssm1l16d0dr,0.0001,eval_len101-150,0.0
sort,ssm1l16d0.1dr,0.001,eval_len0-50,0.0
sort,ssm1l16d0.1dr,0.001,eval_len51-100,0.0
sort,ssm1l16d0.1dr,0.001,eval_len101-150,0.0
sort,ssm1l16d0.1dr,0.0001,eval_len0-50,0.0
sort,ssm1l16d0.1dr,0.0001,eval_len51-100,0.0
sort,ssm1l16d0.1dr,0.0001,eval_len101-150,0.0
sort,ssm1l64d0dr,0.001,eval_len0-50,0.0015
sort,ssm1l64d0dr,0.001,eval_len51-100,0.0
sort,ssm1l64d0dr,0.001,eval_len101-150,0.0
sort,ssm1l64d0dr,0.0001,eval_len0-50,0.0
sort,ssm1l64d0dr,0.0001,eval_len51-100,0.0
sort,ssm1l64d0dr,0.0001,eval_len101-150,0.0
sort,ssm1l64d0.1dr,0.001,eval_len0-50,0.0
sort,ssm1l64d0.1dr,0.001,eval_len51-100,0.0
sort,ssm1l64d0.1dr,0.001,eval_len101-150,0.0
sort,ssm1l64d0.1dr,0.0001,eval_len0-50,0.0
sort,ssm1l64d0.1dr,0.0001,eval_len51-100,0.0
sort,ssm1l64d0.1dr,0.0001,eval_len101-150,0.0
sort,ssm1l256d0dr,0.001,eval_len0-50,0.9975
sort,ssm1l256d0dr,0.001,eval_len51-100,0.1055
sort,ssm1l256d0dr,0.001,eval_len101-150,0.0
sort,ssm1l256d0dr,0.0001,eval_len0-50,0.017
sort,ssm1l256d0dr,0.0001,eval_len51-100,0.0
sort,ssm1l256d0dr,0.0001,eval_len101-150,0.0
sort,ssm1l256d0.1dr,0.001,eval_len0-50,0.611
sort,ssm1l256d0.1dr,0.001,eval_len51-100,0.024
sort,ssm1l256d0.1dr,0.001,eval_len101-150,0.0
sort,ssm1l256d0.1dr,0.0001,eval_len0-50,0.0035
sort,ssm1l256d0.1dr,0.0001,eval_len51-100,0.0
sort,ssm1l256d0.1dr,0.0001,eval_len101-150,0.0
sort,ssm4l16d0dr,0.001,eval_len0-50,0.0
sort,ssm4l16d0dr,0.001,eval_len51-100,0.0
sort,ssm4l16d0dr,0.001,eval_len101-150,0.0
sort,ssm4l16d0dr,0.0001,eval_len0-50,0.0
sort,ssm4l16d0dr,0.0001,eval_len51-100,0.0
sort,ssm4l16d0dr,0.0001,eval_len101-150,0.0
sort,ssm4l16d0.1dr,0.001,eval_len0-50,0.0
sort,ssm4l16d0.1dr,0.001,eval_len51-100,0.0
sort,ssm4l16d0.1dr,0.001,eval_len101-150,0.0
sort,ssm4l16d0.1dr,0.0001,eval_len0-50,0.0
sort,ssm4l16d0.1dr,0.0001,eval_len51-100,0.0
sort,ssm4l16d0.1dr,0.0001,eval_len101-150,0.0
sort,ssm4l64d0dr,0.001,eval_len0-50,0.0205
sort,ssm4l64d0dr,0.001,eval_len51-100,0.0
sort,ssm4l64d0dr,0.001,eval_len101-150,0.0
sort,ssm4l64d0dr,0.0001,eval_len0-50,0.0015
sort,ssm4l64d0dr,0.0001,eval_len51-100,0.0
sort,ssm4l64d0dr,0.0001,eval_len101-150,0.0
sort,ssm4l64d0.1dr,0.001,eval_len0-50,0.0005
sort,ssm4l64d0.1dr,0.001,eval_len51-100,0.0
sort,ssm4l64d0.1dr,0.001,eval_len101-150,0.0
sort,ssm4l64d0.1dr,0.0001,eval_len0-50,0.0
sort,ssm4l64d0.1dr,0.0001,eval_len51-100,0.0
sort,ssm4l64d0.1dr,0.0001,eval_len101-150,0.0
sort,ssm4l256d0dr,0.001,eval_len0-50,0.997
sort,ssm4l256d0dr,0.001,eval_len51-100,0.059
sort,ssm4l256d0dr,0.001,eval_len101-150,0.0
sort,ssm4l256d0dr,0.0001,eval_len0-50,0.0885
sort,ssm4l256d0dr,0.0001,eval_len51-100,0.0
sort,ssm4l256d0dr,0.0001,eval_len101-150,0.0
ssm-out-new-sort,4l256d0dr,0.0001,eval_len0-50,0.0885
ssm-out-new-sort,4l256d0dr,0.0001,eval_len51-100,0.0
ssm-out-new-sort,4l256d0dr,0.0001,eval_len101-150,0.0
addition,hyb1l1h16d0dr,0.001,eval_len0-50,0.039
addition,hyb1l1h16d0dr,0.001,eval_len51-100,0.0
addition,hyb1l1h16d0dr,0.001,eval_len101-150,0.0
addition,hyb1l1h16d0dr,0.0001,eval_len0-50,0.027
addition,hyb1l1h16d0dr,0.0001,eval_len51-100,0.0
addition,hyb1l1h16d0dr,0.0001,eval_len101-150,0.0
addition,hyb1l1h16d0.1dr,0.001,eval_len0-50,0.921
addition,hyb1l1h16d0.1dr,0.001,eval_len51-100,0.898
addition,hyb1l1h16d0.1dr,0.001,eval_len101-150,0.615
addition,hyb1l1h16d0.1dr,0.0001,eval_len0-50,0.017
addition,hyb1l1h16d0.1dr,0.0001,eval_len51-100,0.0
addition,hyb1l1h16d0.1dr,0.0001,eval_len101-150,0.0
addition,hyb1l1h64d0dr,0.001,eval_len0-50,1.0
addition,hyb1l1h64d0dr,0.001,eval_len51-100,0.9145
addition,hyb1l1h64d0dr,0.001,eval_len101-150,0.1615
addition,hyb1l1h64d0dr,0.0001,eval_len0-50,0.0685
addition,hyb1l1h64d0dr,0.0001,eval_len51-100,0.0
addition,hyb1l1h64d0dr,0.0001,eval_len101-150,0.0
addition,hyb1l1h64d0.1dr,0.001,eval_len0-50,1.0
addition,hyb1l1h64d0.1dr,0.001,eval_len51-100,0.987
addition,hyb1l1h64d0.1dr,0.001,eval_len101-150,0.882
addition,hyb1l1h64d0.1dr,0.0001,eval_len0-50,0.874
addition,hyb1l1h64d0.1dr,0.0001,eval_len51-100,0.968
addition,hyb1l1h64d0.1dr,0.0001,eval_len101-150,0.7475
addition,hyb1l1h256d0dr,0.001,eval_len0-50,0.9715
addition,hyb1l1h256d0dr,0.001,eval_len51-100,0.1585
addition,hyb1l1h256d0dr,0.001,eval_len101-150,0.0
addition,hyb1l1h256d0dr,0.0001,eval_len0-50,1.0
addition,hyb1l1h256d0dr,0.0001,eval_len51-100,0.9305
addition,hyb1l1h256d0dr,0.0001,eval_len101-150,0.034
addition,hyb1l1h256d0.1dr,0.001,eval_len0-50,1.0
addition,hyb1l1h256d0.1dr,0.001,eval_len51-100,0.992
addition,hyb1l1h256d0.1dr,0.001,eval_len101-150,0.7685
addition,hyb1l1h256d0.1dr,0.0001,eval_len0-50,1.0
addition,hyb1l1h256d0.1dr,0.0001,eval_len51-100,0.937
addition,hyb1l1h256d0.1dr,0.0001,eval_len101-150,0.301
addition,hyb1l2h16d0dr,0.001,eval_len0-50,0.9955
addition,hyb1l2h16d0dr,0.001,eval_len51-100,0.3505
addition,hyb1l2h16d0dr,0.001,eval_len101-150,0.015
addition,hyb1l2h16d0dr,0.0001,eval_len0-50,0.017
addition,hyb1l2h16d0dr,0.0001,eval_len51-100,0.0
addition,hyb1l2h16d0dr,0.0001,eval_len101-150,0.0
addition,ssm1l16d0dr,0.001,eval_len0-50,0.027
addition,ssm1l16d0dr,0.001,eval_len51-100,0.0
addition,ssm1l16d0dr,0.001,eval_len101-150,0.0
addition,ssm1l16d0dr,0.0001,eval_len0-50,0.0155
addition,ssm1l16d0dr,0.0001,eval_len51-100,0.0
addition,ssm1l16d0dr,0.0001,eval_len101-150,0.0
addition,ssm1l64d0dr,0.001,eval_len0-50,0.067
addition,ssm1l64d0dr,0.001,eval_len51-100,0.0
addition,ssm1l64d0dr,0.001,eval_len101-150,0.0
addition,ssm1l64d0dr,0.0001,eval_len0-50,0.031
addition,ssm1l64d0dr,0.0001,eval_len51-100,0.0
addition,ssm1l64d0dr,0.0001,eval_len101-150,0.0
addition,ssm1l256d0dr,0.001,eval_len0-50,0.1215
addition,ssm1l256d0dr,0.001,eval_len51-100,0.0
addition,ssm1l256d0dr,0.001,eval_len101-150,0.0
addition,ssm1l256d0dr,0.0001,eval_len0-50,0.0425
addition,ssm1l256d0dr,0.0001,eval_len51-100,0.0
addition,ssm1l256d0dr,0.0001,eval_len101-150,0.0
addition,ssm2l16d0dr,0.001,eval_len0-50,0.035
addition,ssm2l16d0dr,0.001,eval_len51-100,0.0
addition,ssm2l16d0dr,0.001,eval_len101-150,0.0
addition,ssm2l16d0dr,0.0001,eval_len0-50,0.0205
addition,ssm2l16d0dr,0.0001,eval_len51-100,0.0
addition,ssm2l16d0dr,0.0001,eval_len101-150,0.0
addition,ssm2l64d0dr,0.001,eval_len0-50,0.115
addition,ssm2l64d0dr,0.001,eval_len51-100,0.0
addition,ssm2l64d0dr,0.001,eval_len101-150,0.0
addition,ssm2l64d0dr,0.0001,eval_len0-50,0.0295
addition,ssm2l64d0dr,0.0001,eval_len51-100,0.0
addition,ssm2l64d0dr,0.0001,eval_len101-150,0.0
addition,ssm2l256d0dr,0.001,eval_len0-50,0.2835
addition,ssm2l256d0dr,0.001,eval_len51-100,0.0
addition,ssm2l256d0dr,0.001,eval_len101-150,0.0
addition,ssm2l256d0dr,0.0001,eval_len0-50,0.068
addition,ssm2l256d0dr,0.0001,eval_len51-100,0.0
addition,ssm2l256d0dr,0.0001,eval_len101-150,0.0
addition,ssm4l16d0dr,0.001,eval_len0-50,0.052
addition,ssm4l16d0dr,0.001,eval_len51-100,0.0
addition,ssm4l16d0dr,0.001,eval_len101-150,0.0
addition,ssm4l16d0dr,0.0001,eval_len0-50,0.0265
addition,ssm4l16d0dr,0.0001,eval_len51-100,0.0
addition,ssm4l16d0dr,0.0001,eval_len101-150,0.0
addition,ssm4l64d0dr,0.001,eval_len0-50,0.1975
addition,ssm4l64d0dr,0.001,eval_len51-100,0.0
addition,ssm4l64d0dr,0.001,eval_len101-150,0.0
addition,ssm4l64d0dr,0.0001,eval_len0-50,0.04
addition,ssm4l64d0dr,0.0001,eval_len51-100,0.0
addition,ssm4l64d0dr,0.0001,eval_len101-150,0.0
addition,ssm4l256d0dr,0.001,eval_len0-50,0.3995
addition,ssm4l256d0dr,0.001,eval_len51-100,0.0
addition,ssm4l256d0dr,0.001,eval_len101-150,0.0
bin_majority,hyb2l2h64d0dr,0.001,eval_len0-50,1.0
bin_majority,hyb2l2h64d0dr,0.001,eval_len51-100,0.9975
bin_majority,hyb2l2h64d0dr,0.001,eval_len101-150,0.995
bin_majority,hyb6l4h256d0dr,0.001,eval_len0-50,1.0
bin_majority,hyb6l4h256d0dr,0.001,eval_len51-100,1.0
bin_majority,hyb6l4h256d0dr,0.001,eval_len101-150,1.0
bin_majority,ssm1l16d0dr,0.001,eval_len0-50,1.0
bin_majority,ssm1l16d0dr,0.001,eval_len51-100,0.972
bin_majority,ssm1l16d0dr,0.001,eval_len101-150,0.968
bin_majority,ssm1l16d0dr,0.0001,eval_len0-50,1.0
bin_majority,ssm1l16d0dr,0.0001,eval_len51-100,0.962
bin_majority,ssm1l16d0dr,0.0001,eval_len101-150,0.9455
bin_majority,ssm1l64d0dr,0.001,eval_len0-50,1.0
bin_majority,ssm1l64d0dr,0.001,eval_len51-100,0.9795
bin_majority,ssm1l64d0dr,0.001,eval_len101-150,0.978
bin_majority,ssm1l64d0dr,0.0001,eval_len0-50,1.0
bin_majority,ssm1l64d0dr,0.0001,eval_len51-100,0.9545
bin_majority,ssm1l64d0dr,0.0001,eval_len101-150,0.9515
bin_majority,ssm1l256d0dr,0.001,eval_len0-50,1.0
bin_majority,ssm1l256d0dr,0.001,eval_len51-100,0.9755
bin_majority,ssm1l256d0dr,0.001,eval_len101-150,0.9755
bin_majority,ssm1l256d0dr,0.0001,eval_len0-50,1.0
bin_majority,ssm1l256d0dr,0.0001,eval_len51-100,0.9775
bin_majority,ssm1l256d0dr,0.0001,eval_len101-150,0.965
bin_majority,ssm2l16d0dr,0.001,eval_len0-50,1.0
bin_majority,ssm2l16d0dr,0.001,eval_len51-100,0.98
bin_majority,ssm2l16d0dr,0.001,eval_len101-150,0.956
bin_majority,ssm2l16d0dr,0.0001,eval_len0-50,1.0
bin_majority,ssm2l16d0dr,0.0001,eval_len51-100,0.961
bin_majority,ssm2l16d0dr,0.0001,eval_len101-150,0.937
bin_majority,ssm2l64d0dr,0.001,eval_len0-50,1.0
bin_majority,ssm2l64d0dr,0.001,eval_len51-100,0.9925
bin_majority,ssm2l64d0dr,0.001,eval_len101-150,0.9835
bin_majority,ssm2l64d0dr,0.0001,eval_len0-50,1.0
bin_majority,ssm2l64d0dr,0.0001,eval_len51-100,0.982
bin_majority,ssm2l64d0dr,0.0001,eval_len101-150,0.9785
bin_majority,ssm2l256d0dr,0.001,eval_len0-50,1.0
bin_majority,ssm2l256d0dr,0.001,eval_len51-100,0.988
bin_majority,ssm2l256d0dr,0.001,eval_len101-150,0.988
bin_majority,ssm2l256d0dr,0.0001,eval_len0-50,1.0
bin_majority,ssm2l256d0dr,0.0001,eval_len51-100,0.977
bin_majority,ssm2l256d0dr,0.0001,eval_len101-150,0.952
bin_majority,ssm4l16d0dr,0.001,eval_len0-50,1.0
bin_majority,ssm4l16d0dr,0.001,eval_len51-100,0.983
bin_majority,ssm4l16d0dr,0.001,eval_len101-150,0.844
bin_majority,ssm4l16d0dr,0.0001,eval_len0-50,1.0
bin_majority,ssm4l16d0dr,0.0001,eval_len51-100,0.973
bin_majority,ssm4l16d0dr,0.0001,eval_len101-150,0.98
bin_majority,ssm4l64d0dr,0.001,eval_len0-50,1.0
bin_majority,ssm4l64d0dr,0.001,eval_len51-100,0.9915
bin_majority,ssm4l64d0dr,0.001,eval_len101-150,0.9585
bin_majority,ssm4l64d0dr,0.0001,eval_len0-50,1.0
bin_majority,ssm4l64d0dr,0.0001,eval_len51-100,0.991
bin_majority,ssm4l64d0dr,0.0001,eval_len101-150,0.9865
bin_majority,ssm4l256d0dr,0.001,eval_len0-50,1.0
bin_majority,ssm4l256d0dr,0.001,eval_len51-100,0.993
bin_majority,ssm4l256d0dr,0.001,eval_len101-150,0.925
bin_majority,ssm4l256d0dr,0.0001,eval_len0-50,1.0
bin_majority,ssm4l256d0dr,0.0001,eval_len51-100,0.9895
bin_majority,ssm4l256d0dr,0.0001,eval_len101-150,0.984
bin_majority_interleave,hyb1l1h16d0dr,0.001,eval_len0-50,1.0
bin_majority_interleave,hyb1l1h16d0dr,0.001,eval_len51-100,0.91
bin_majority_interleave,hyb1l1h16d0dr,0.001,eval_len101-150,0.8385
bin_majority_interleave,hyb1l1h16d0dr,0.0001,eval_len0-50,0.9955
bin_majority_interleave,hyb1l1h16d0dr,0.0001,eval_len51-100,0.807
bin_majority_interleave,hyb1l1h16d0dr,0.0001,eval_len101-150,0.704
bin_majority_interleave,hyb1l1h16d0.1dr,0.001,eval_len0-50,1.0
bin_majority_interleave,hyb1l1h16d0.1dr,0.001,eval_len51-100,0.943
bin_majority_interleave,hyb1l1h16d0.1dr,0.001,eval_len101-150,0.835
bin_majority_interleave,hyb1l1h16d0.1dr,0.0001,eval_len0-50,0.977
bin_majority_interleave,hyb1l1h16d0.1dr,0.0001,eval_len51-100,0.8135
bin_majority_interleave,hyb1l1h16d0.1dr,0.0001,eval_len101-150,0.7445
bin_majority_interleave,hyb1l1h64d0dr,0.001,eval_len0-50,1.0
bin_majority_interleave,hyb1l1h64d0dr,0.001,eval_len51-100,0.8825
bin_majority_interleave,hyb1l1h64d0dr,0.001,eval_len101-150,0.7715
bin_majority_interleave,hyb1l1h64d0dr,0.0001,eval_len0-50,1.0
bin_majority_interleave,hyb1l1h64d0dr,0.0001,eval_len51-100,0.8295
bin_majority_interleave,hyb1l1h64d0dr,0.0001,eval_len101-150,0.7035
bin_majority_interleave,hyb1l1h64d0.1dr,0.001,eval_len0-50,1.0
bin_majority_interleave,hyb1l1h64d0.1dr,0.001,eval_len51-100,0.929
bin_majority_interleave,hyb1l1h64d0.1dr,0.001,eval_len101-150,0.8845
bin_majority_interleave,hyb1l1h64d0.1dr,0.0001,eval_len0-50,0.9965
bin_majority_interleave,hyb1l1h64d0.1dr,0.0001,eval_len51-100,0.918
bin_majority_interleave,hyb1l1h64d0.1dr,0.0001,eval_len101-150,0.8815
bin_majority_interleave,hyb1l1h256d0dr,0.001,eval_len0-50,1.0
bin_majority_interleave,hyb1l1h256d0dr,0.001,eval_len51-100,0.8935
bin_majority_interleave,hyb1l1h256d0dr,0.001,eval_len101-150,0.8155
bin_majority_interleave,hyb1l1h256d0dr,0.0001,eval_len0-50,1.0
bin_majority_interleave,hyb1l1h256d0dr,0.0001,eval_len51-100,0.8895
bin_majority_interleave,hyb1l1h256d0dr,0.0001,eval_len101-150,0.84
bin_majority_interleave,hyb1l1h256d0.1dr,0.001,eval_len0-50,1.0
bin_majority_interleave,hyb1l1h256d0.1dr,0.001,eval_len51-100,0.9105
bin_majority_interleave,hyb1l1h256d0.1dr,0.001,eval_len101-150,0.8495
bin_majority_interleave,hyb1l1h256d0.1dr,0.0001,eval_len0-50,1.0
bin_majority_interleave,hyb1l1h256d0.1dr,0.0001,eval_len51-100,0.9155
bin_majority_interleave,hyb1l1h256d0.1dr,0.0001,eval_len101-150,0.865
bin_majority_interleave,hyb1l2h16d0dr,0.001,eval_len0-50,1.0
bin_majority_interleave,hyb1l2h16d0dr,0.001,eval_len51-100,0.9095
bin_majority_interleave,hyb1l2h16d0dr,0.001,eval_len101-150,0.849
bin_majority_interleave,hyb1l2h16d0dr,0.0001,eval_len0-50,0.9995
bin_majority_interleave,hyb1l2h16d0dr,0.0001,eval_len51-100,0.836
bin_majority_interleave,hyb1l2h16d0dr,0.0001,eval_len101-150,0.69
bin_majority_interleave,hyb1l2h16d0.1dr,0.001,eval_len0-50,1.0
bin_majority_interleave,hyb1l2h16d0.1dr,0.001,eval_len51-100,0.928
bin_majority_interleave,hyb1l2h16d0.1dr,0.001,eval_len101-150,0.7585
bin_majority_interleave,hyb1l2h16d0.1dr,0.0001,eval_len0-50,0.9875
bin_majority_interleave,hyb1l2h16d0.1dr,0.0001,eval_len51-100,0.882
bin_majority_interleave,hyb1l2h16d0.1dr,0.0001,eval_len101-150,0.85
bin_majority_interleave,hyb1l2h64d0dr,0.001,eval_len0-50,1.0
bin_majority_interleave,hyb1l2h64d0dr,0.001,eval_len51-100,0.8765
bin_majority_interleave,hyb1l2h64d0dr,0.001,eval_len101-150,0.8205
bin_majority_interleave,hyb1l2h64d0dr,0.0001,eval_len0-50,1.0
bin_majority_interleave,hyb1l2h64d0dr,0.0001,eval_len51-100,0.7425
bin_majority_interleave,hyb1l2h64d0dr,0.0001,eval_len101-150,0.351
bin_majority_interleave,hyb1l2h64d0.1dr,0.001,eval_len0-50,1.0
bin_majority_interleave,hyb1l2h64d0.1dr,0.001,eval_len51-100,0.9145
bin_majority_interleave,hyb1l2h64d0.1dr,0.001,eval_len101-150,0.824
bin_majority_interleave,hyb1l2h64d0.1dr,0.0001,eval_len0-50,0.995
bin_majority_interleave,hyb1l2h64d0.1dr,0.0001,eval_len51-100,0.9185
bin_majority_interleave,hyb1l2h64d0.1dr,0.0001,eval_len101-150,0.8705
bin_majority_interleave,hyb1l2h256d0dr,0.001,eval_len0-50,1.0
bin_majority_interleave,hyb1l2h256d0dr,0.001,eval_len51-100,0.894
bin_majority_interleave,hyb1l2h256d0dr,0.001,eval_len101-150,0.8285
bin_majority_interleave,hyb1l2h256d0dr,0.0001,eval_len0-50,1.0
bin_majority_interleave,hyb1l2h256d0dr,0.0001,eval_len51-100,0.859
bin_majority_interleave,hyb1l2h256d0dr,0.0001,eval_len101-150,0.729
bin_majority_interleave,hyb1l2h256d0.1dr,0.001,eval_len0-50,1.0
bin_majority_interleave,hyb1l2h256d0.1dr,0.001,eval_len51-100,0.9545
bin_majority_interleave,hyb1l2h256d0.1dr,0.001,eval_len101-150,0.915
bin_majority_interleave,hyb1l2h256d0.1dr,0.0001,eval_len0-50,1.0
bin_majority_interleave,hyb1l2h256d0.1dr,0.0001,eval_len51-100,0.921
bin_majority_interleave,hyb1l2h256d0.1dr,0.0001,eval_len101-150,0.885
bin_majority_interleave,hyb1l4h16d0dr,0.001,eval_len0-50,1.0
bin_majority_interleave,hyb1l4h16d0dr,0.001,eval_len51-100,0.853
bin_majority_interleave,hyb1l4h16d0dr,0.001,eval_len101-150,0.7205
bin_majority_interleave,hyb1l4h16d0dr,0.0001,eval_len0-50,0.9955
bin_majority_interleave,hyb1l4h16d0dr,0.0001,eval_len51-100,0.879
bin_majority_interleave,hyb1l4h16d0dr,0.0001,eval_len101-150,0.802
bin_majority_interleave,hyb1l4h16d0.1dr,0.001,eval_len0-50,1.0
bin_majority_interleave,hyb1l4h16d0.1dr,0.001,eval_len51-100,0.923
bin_majority_interleave,hyb1l4h16d0.1dr,0.001,eval_len101-150,0.7315
bin_majority_interleave,hyb1l4h16d0.1dr,0.0001,eval_len0-50,0.9885
bin_majority_interleave,hyb1l4h16d0.1dr,0.0001,eval_len51-100,0.812
bin_majority_interleave,hyb1l4h16d0.1dr,0.0001,eval_len101-150,0.715
bin_majority_interleave,hyb1l4h64d0dr,0.001,eval_len0-50,1.0
bin_majority_interleave,hyb1l4h64d0dr,0.001,eval_len51-100,0.8495
bin_majority_interleave,hyb1l4h64d0dr,0.001,eval_len101-150,0.71
bin_majority_interleave,hyb1l4h64d0dr,0.0001,eval_len0-50,1.0
bin_majority_interleave,hyb1l4h64d0dr,0.0001,eval_len51-100,0.887
bin_majority_interleave,hyb1l4h64d0dr,0.0001,eval_len101-150,0.8365
bin_majority_interleave,hyb1l4h64d0.1dr,0.001,eval_len0-50,1.0
bin_majority_interleave,hyb1l4h64d0.1dr,0.001,eval_len51-100,0.9115
bin_majority_interleave,hyb1l4h64d0.1dr,0.001,eval_len101-150,0.831
bin_majority_interleave,hyb1l4h64d0.1dr,0.0001,eval_len0-50,0.999
bin_majority_interleave,hyb1l4h64d0.1dr,0.0001,eval_len51-100,0.9045
bin_majority_interleave,hyb1l4h64d0.1dr,0.0001,eval_len101-150,0.836
bin_majority_interleave,hyb1l4h256d0dr,0.001,eval_len0-50,1.0
bin_majority_interleave,hyb1l4h256d0dr,0.001,eval_len51-100,0.886
bin_majority_interleave,hyb1l4h256d0dr,0.001,eval_len101-150,0.7715
bin_majority_interleave,ssm1l16d0dr,0.001,eval_len0-50,1.0
bin_majority_interleave,ssm1l16d0dr,0.001,eval_len51-100,0.817
bin_majority_interleave,ssm1l16d0dr,0.001,eval_len101-150,0.7075
bin_majority_interleave,ssm1l16d0dr,0.0001,eval_len0-50,0.999
bin_majority_interleave,ssm1l16d0dr,0.0001,eval_len51-100,0.837
bin_majority_interleave,ssm1l16d0dr,0.0001,eval_len101-150,0.798
bin_majority_interleave,ssm1l64d0dr,0.001,eval_len0-50,1.0
bin_majority_interleave,ssm1l64d0dr,0.001,eval_len51-100,0.8835
bin_majority_interleave,ssm1l64d0dr,0.001,eval_len101-150,0.847
bin_majority_interleave,ssm1l64d0dr,0.0001,eval_len0-50,0.9995
bin_majority_interleave,ssm1l64d0dr,0.0001,eval_len51-100,0.882
bin_majority_interleave,ssm1l64d0dr,0.0001,eval_len101-150,0.8265
bin_majority_interleave,ssm1l256d0dr,0.001,eval_len0-50,1.0
bin_majority_interleave,ssm1l256d0dr,0.001,eval_len51-100,0.861
bin_majority_interleave,ssm1l256d0dr,0.001,eval_len101-150,0.812
bin_majority_interleave,ssm1l256d0dr,0.0001,eval_len0-50,1.0
bin_majority_interleave,ssm1l256d0dr,0.0001,eval_len51-100,0.854
bin_majority_interleave,ssm1l256d0dr,0.0001,eval_len101-150,0.7795
bin_majority_interleave,ssm2l16d0dr,0.001,eval_len0-50,1.0
bin_majority_interleave,ssm2l16d0dr,0.001,eval_len51-100,0.8875
bin_majority_interleave,ssm2l16d0dr,0.001,eval_len101-150,0.733
bin_majority_interleave,ssm2l16d0dr,0.0001,eval_len0-50,1.0
bin_majority_interleave,ssm2l16d0dr,0.0001,eval_len51-100,0.8935
bin_majority_interleave,ssm2l16d0dr,0.0001,eval_len101-150,0.7135
bin_majority_interleave,ssm2l64d0dr,0.001,eval_len0-50,1.0
bin_majority_interleave,ssm2l64d0dr,0.001,eval_len51-100,0.893
bin_majority_interleave,ssm2l64d0dr,0.001,eval_len101-150,0.76
bin_majority_interleave,ssm2l64d0dr,0.0001,eval_len0-50,1.0
bin_majority_interleave,ssm2l64d0dr,0.0001,eval_len51-100,0.9165
bin_majority_interleave,ssm2l64d0dr,0.0001,eval_len101-150,0.7355
bin_majority_interleave,ssm2l256d0dr,0.001,eval_len0-50,1.0
bin_majority_interleave,ssm2l256d0dr,0.001,eval_len51-100,0.919
bin_majority_interleave,ssm2l256d0dr,0.001,eval_len101-150,0.8275
bin_majority_interleave,ssm2l256d0dr,0.0001,eval_len0-50,1.0
bin_majority_interleave,ssm2l256d0dr,0.0001,eval_len51-100,0.821
bin_majority_interleave,ssm2l256d0dr,0.0001,eval_len101-150,0.66
bin_majority_interleave,ssm4l16d0dr,0.001,eval_len0-50,1.0
bin_majority_interleave,ssm4l16d0dr,0.001,eval_len51-100,0.9015
bin_majority_interleave,ssm4l16d0dr,0.001,eval_len101-150,0.7695
bin_majority_interleave,ssm4l16d0dr,0.0001,eval_len0-50,1.0
bin_majority_interleave,ssm4l16d0dr,0.0001,eval_len51-100,0.8495
bin_majority_interleave,ssm4l16d0dr,0.0001,eval_len101-150,0.5905
bin_majority_interleave,ssm4l64d0dr,0.001,eval_len0-50,1.0
bin_majority_interleave,ssm4l64d0dr,0.001,eval_len51-100,0.936
bin_majority_interleave,ssm4l64d0dr,0.001,eval_len101-150,0.8805
bin_majority_interleave,ssm4l64d0dr,0.0001,eval_len0-50,1.0
bin_majority_interleave,ssm4l64d0dr,0.0001,eval_len51-100,0.902
bin_majority_interleave,ssm4l64d0dr,0.0001,eval_len101-150,0.7925
bin_majority_interleave,ssm4l256d0dr,0.001,eval_len0-50,1.0
bin_majority_interleave,ssm4l256d0dr,0.001,eval_len51-100,0.9345
bin_majority_interleave,ssm4l256d0dr,0.001,eval_len101-150,0.853
bin_majority_interleave,ssm4l256d0dr,0.0001,eval_len0-50,1.0
bin_majority_interleave,ssm4l256d0dr,0.0001,eval_len51-100,0.911
bin_majority_interleave,ssm4l256d0dr,0.0001,eval_len101-150,0.774
majority,hyb1l1h16d0dr,0.001,eval_len0-50,0.9275
majority,hyb1l1h16d0dr,0.001,eval_len51-100,0.9885
majority,hyb1l1h16d0dr,0.001,eval_len101-150,0.9945
majority,hyb1l1h16d0dr,0.0001,eval_len0-50,0.1515
majority,hyb1l1h16d0dr,0.0001,eval_len51-100,0.0995
majority,hyb1l1h16d0dr,0.0001,eval_len101-150,0.0935
majority,hyb1l1h16d0.1dr,0.001,eval_len0-50,0.8795
majority,hyb1l1h16d0.1dr,0.001,eval_len51-100,0.633
majority,hyb1l1h16d0.1dr,0.001,eval_len101-150,0.589
majority,hyb1l1h16d0.1dr,0.0001,eval_len0-50,0.099
majority,hyb1l1h16d0.1dr,0.0001,eval_len51-100,0.0715
majority,hyb1l1h16d0.1dr,0.0001,eval_len101-150,0.0755
majority,hyb1l1h64d0dr,0.001,eval_len0-50,1.0
majority,hyb1l1h64d0dr,0.001,eval_len51-100,0.9975
majority,hyb1l1h64d0dr,0.001,eval_len101-150,0.998
majority,hyb1l1h64d0dr,0.0001,eval_len0-50,0.932
majority,hyb1l1h64d0dr,0.0001,eval_len51-100,0.894
majority,hyb1l1h64d0dr,0.0001,eval_len101-150,0.7025
majority,hyb1l1h64d0.1dr,0.001,eval_len0-50,1.0
majority,hyb1l1h64d0.1dr,0.001,eval_len51-100,0.9995
majority,hyb1l1h64d0.1dr,0.001,eval_len101-150,0.9985
majority,hyb1l1h64d0.1dr,0.0001,eval_len0-50,0.6375
majority,hyb1l1h64d0.1dr,0.0001,eval_len51-100,0.421
majority,hyb1l1h64d0.1dr,0.0001,eval_len101-150,0.294
majority,hyb1l1h256d0dr,0.001,eval_len0-50,1.0
majority,hyb1l1h256d0dr,0.001,eval_len51-100,0.9995
majority,hyb1l1h256d0dr,0.001,eval_len101-150,0.999
majority,hyb1l1h256d0dr,0.0001,eval_len0-50,1.0
majority,hyb1l1h256d0dr,0.0001,eval_len51-100,0.999
majority,hyb1l1h256d0dr,0.0001,eval_len101-150,0.9835
majority,hyb1l1h256d0.1dr,0.001,eval_len0-50,1.0
majority,hyb1l1h256d0.1dr,0.001,eval_len51-100,0.987
majority,hyb1l1h256d0.1dr,0.001,eval_len101-150,0.966
majority,hyb1l1h256d0.1dr,0.0001,eval_len0-50,1.0
majority,hyb1l1h256d0.1dr,0.0001,eval_len51-100,0.9855
majority,hyb1l1h256d0.1dr,0.0001,eval_len101-150,0.9325
majority,hyb1l2h16d0dr,0.001,eval_len0-50,0.9535
majority,hyb1l2h16d0dr,0.001,eval_len51-100,0.5935
majority,hyb1l2h16d0dr,0.001,eval_len101-150,0.264
majority,hyb1l2h16d0dr,0.0001,eval_len0-50,0.133
majority,hyb1l2h16d0dr,0.0001,eval_len51-100,0.08
majority,hyb1l2h16d0dr,0.0001,eval_len101-150,0.0825
majority,hyb1l2h16d0.1dr,0.001,eval_len0-50,0.8665
majority,hyb1l2h16d0.1dr,0.001,eval_len51-100,0.6335
majority,hyb1l2h16d0.1dr,0.001,eval_len101-150,0.583
majority,hyb1l2h16d0.1dr,0.0001,eval_len0-50,0.099
majority,hyb1l2h16d0.1dr,0.0001,eval_len51-100,0.106
majority,hyb1l2h16d0.1dr,0.0001,eval_len101-150,0.086
majority,hyb1l2h64d0dr,0.001,eval_len0-50,1.0
majority,hyb1l2h64d0dr,0.001,eval_len51-100,1.0
majority,hyb1l2h64d0dr,0.001,eval_len101-150,0.9905
majority,ssm1l16d0dr,0.001,eval_len0-50,0.715
majority,ssm1l16d0dr,0.001,eval_len51-100,0.4165
majority,ssm1l16d0dr,0.001,eval_len101-150,0.288
majority,ssm1l16d0dr,0.0001,eval_len0-50,0.426
majority,ssm1l16d0dr,0.0001,eval_len51-100,0.211
majority,ssm1l16d0dr,0.0001,eval_len101-150,0.144
majority,ssm1l64d0dr,0.001,eval_len0-50,1.0
majority,ssm1l64d0dr,0.001,eval_len51-100,0.6895
majority,ssm1l64d0dr,0.001,eval_len101-150,0.4045
majority,ssm1l64d0dr,0.0001,eval_len0-50,0.953
majority,ssm1l64d0dr,0.0001,eval_len51-100,0.5485
majority,ssm1l64d0dr,0.0001,eval_len101-150,0.3355
majority,ssm1l256d0dr,0.001,eval_len0-50,1.0
majority,ssm1l256d0dr,0.001,eval_len51-100,0.6385
majority,ssm1l256d0dr,0.001,eval_len101-150,0.424
majority,ssm1l256d0dr,0.0001,eval_len0-50,0.9995
majority,ssm1l256d0dr,0.0001,eval_len51-100,0.6135
majority,ssm1l256d0dr,0.0001,eval_len101-150,0.3915
majority,ssm2l16d0dr,0.001,eval_len0-50,0.7675
majority,ssm2l16d0dr,0.001,eval_len51-100,0.449
majority,ssm2l16d0dr,0.001,eval_len101-150,0.288
majority,ssm2l16d0dr,0.0001,eval_len0-50,0.499
majority,ssm2l16d0dr,0.0001,eval_len51-100,0.2295
majority,ssm2l16d0dr,0.0001,eval_len101-150,0.1715
majority,ssm2l64d0dr,0.001,eval_len0-50,1.0
majority,ssm2l64d0dr,0.001,eval_len51-100,0.6715
majority,ssm2l64d0dr,0.001,eval_len101-150,0.433
majority,ssm2l64d0dr,0.0001,eval_len0-50,0.9885
majority,ssm2l64d0dr,0.0001,eval_len51-100,0.6065
majority,ssm2l64d0dr,0.0001,eval_len101-150,0.3325
majority,ssm2l256d0dr,0.001,eval_len0-50,1.0
majority,ssm2l256d0dr,0.001,eval_len51-100,0.8285
majority,ssm2l256d0dr,0.001,eval_len101-150,0.5955
majority,ssm2l256d0dr,0.0001,eval_len0-50,1.0
majority,ssm2l256d0dr,0.0001,eval_len51-100,0.729
majority,ssm2l256d0dr,0.0001,eval_len101-150,0.5185
majority,ssm4l16d0dr,0.001,eval_len0-50,0.788
majority,ssm4l16d0dr,0.001,eval_len51-100,0.435
majority,ssm4l16d0dr,0.001,eval_len101-150,0.259
majority,ssm4l16d0dr,0.0001,eval_len0-50,0.5275
majority,ssm4l16d0dr,0.0001,eval_len51-100,0.244
majority,ssm4l16d0dr,0.0001,eval_len101-150,0.169
majority,ssm4l64d0dr,0.001,eval_len0-50,1.0
majority,ssm4l64d0dr,0.001,eval_len51-100,0.7745
majority,ssm4l64d0dr,0.001,eval_len101-150,0.5565
majority,ssm4l64d0dr,0.0001,eval_len0-50,0.9915
majority,ssm4l64d0dr,0.0001,eval_len51-100,0.585
majority,ssm4l64d0dr,0.0001,eval_len101-150,0.1955
majority,ssm4l256d0dr,0.001,eval_len0-50,1.0
majority,ssm4l256d0dr,0.001,eval_len51-100,0.885
majority,ssm4l256d0dr,0.001,eval_len101-150,0.7065
majority,ssm4l256d0dr,0.0001,eval_len0-50,1.0
majority,ssm4l256d0dr,0.0001,eval_len51-100,0.8525
majority,ssm4l256d0dr,0.0001,eval_len101-150,0.6305
mqar,hyb1l1h16d0dr,0.001,eval_len0-50,1.0
mqar,hyb1l1h16d0dr,0.001,eval_len51-100,0.733
mqar,hyb1l1h16d0dr,0.001,eval_len101-150,0.594
mqar,hyb1l1h16d0dr,0.0001,eval_len0-50,0.828
mqar,hyb1l1h16d0dr,0.0001,eval_len51-100,0.651
mqar,hyb1l1h16d0dr,0.0001,eval_len101-150,0.6605
mqar,hyb1l1h16d0.1dr,0.001,eval_len0-50,0.999
mqar,hyb1l1h16d0.1dr,0.001,eval_len51-100,1.0
mqar,hyb1l1h16d0.1dr,0.001,eval_len101-150,1.0
mqar,hyb1l1h16d0.1dr,0.0001,eval_len0-50,0.571
mqar,hyb1l1h16d0.1dr,0.0001,eval_len51-100,0.5165
mqar,hyb1l1h16d0.1dr,0.0001,eval_len101-150,0.5125
mqar,hyb1l1h64d0dr,0.001,eval_len0-50,1.0
mqar,hyb1l1h64d0dr,0.001,eval_len51-100,1.0
mqar,hyb1l1h64d0dr,0.001,eval_len101-150,1.0
mqar,lm1l1h16d,0.001,eval_len0-50,0.514
mqar,lm1l1h16d,0.001,eval_len51-100,0.4995
mqar,lm1l1h16d,0.001,eval_len101-150,0.4805
mqar,lm1l1h16d,0.0001,eval_len0-50,0.514
mqar,lm1l1h16d,0.0001,eval_len51-100,0.4995
mqar,lm1l1h16d,0.0001,eval_len101-150,0.4805
mqar,lm1l1h64d,0.001,eval_len0-50,0.5795
mqar,lm1l1h64d,0.001,eval_len51-100,0.509
mqar,lm1l1h64d,0.001,eval_len101-150,0.5195
mqar,lm1l1h64d,0.0001,eval_len0-50,0.576
mqar,lm1l1h64d,0.0001,eval_len51-100,0.494
mqar,lm1l1h64d,0.0001,eval_len101-150,0.506
mqar,lm1l1h256d,0.001,eval_len0-50,0.591
mqar,lm1l1h256d,0.001,eval_len51-100,0.4995
mqar,lm1l1h256d,0.001,eval_len101-150,0.4805
mqar,lm1l1h256d,0.0001,eval_len0-50,0.5855
mqar,lm1l1h256d,0.0001,eval_len51-100,0.4805
mqar,lm1l1h256d,0.0001,eval_len101-150,0.4095
mqar,lm1l2h16d,0.001,eval_len0-50,0.5855
mqar,lm1l2h16d,0.001,eval_len51-100,0.5005
mqar,lm1l2h16d,0.001,eval_len101-150,0.507
mqar,lm1l2h16d,0.0001,eval_len0-50,0.514
mqar,lm1l2h16d,0.0001,eval_len51-100,0.4995
mqar,lm1l2h16d,0.0001,eval_len101-150,0.4805
mqar,lm1l2h64d,0.001,eval_len0-50,0.593
mqar,lm1l2h64d,0.001,eval_len51-100,0.505
mqar,lm1l2h64d,0.001,eval_len101-150,0.5195
mqar,lm1l2h64d,0.0001,eval_len0-50,0.58
mqar,lm1l2h64d,0.0001,eval_len51-100,0.502
mqar,lm1l2h64d,0.0001,eval_len101-150,0.485
mqar,lm1l2h256d,0.001,eval_len0-50,0.6005
mqar,lm1l2h256d,0.001,eval_len51-100,0.5045
mqar,lm1l2h256d,0.001,eval_len101-150,0.5075
mqar,lm1l2h256d,0.0001,eval_len0-50,0.5935
mqar,lm1l2h256d,0.0001,eval_len51-100,0.514
mqar,lm1l2h256d,0.0001,eval_len101-150,0.4855
mqar,lm1l4h16d,0.001,eval_len0-50,0.5885
mqar,lm1l4h16d,0.001,eval_len51-100,0.4885
mqar,lm1l4h16d,0.001,eval_len101-150,0.515
mqar,lm1l4h16d,0.0001,eval_len0-50,0.584
mqar,lm1l4h16d,0.0001,eval_len51-100,0.5025
mqar,lm1l4h16d,0.0001,eval_len101-150,0.486
mqar,lm1l4h64d,0.001,eval_len0-50,0.5825
mqar,lm1l4h64d,0.001,eval_len51-100,0.504
mqar,lm1l4h64d,0.001,eval_len101-150,0.5195
mqar,lm1l4h64d,0.0001,eval_len0-50,0.5835
mqar,lm1l4h64d,0.0001,eval_len51-100,0.5
mqar,lm1l4h64d,0.0001,eval_len101-150,0.4805
mqar,lm1l4h256d,0.001,eval_len0-50,0.597
mqar,lm1l4h256d,0.001,eval_len51-100,0.475
mqar,lm1l4h256d,0.001,eval_len101-150,0.4715
mqar,lm1l4h256d,0.0001,eval_len0-50,0.598
mqar,lm1l4h256d,0.0001,eval_len51-100,0.505
mqar,lm1l4h256d,0.0001,eval_len101-150,0.5145
mqar,lm2l1h16d,0.001,eval_len0-50,0.588
mqar,lm2l1h16d,0.001,eval_len51-100,0.508
mqar,lm2l1h16d,0.001,eval_len101-150,0.485
mqar,lm2l1h16d,0.0001,eval_len0-50,0.5835
mqar,lm2l1h16d,0.0001,eval_len51-100,0.502
mqar,lm2l1h16d,0.0001,eval_len101-150,0.5195
mqar,lm2l1h64d,0.001,eval_len0-50,0.589
mqar,lm2l1h64d,0.001,eval_len51-100,0.484
mqar,lm2l1h64d,0.001,eval_len101-150,0.4775
mqar,lm2l1h64d,0.0001,eval_len0-50,0.589
mqar,lm2l1h64d,0.0001,eval_len51-100,0.5165
mqar,lm2l1h64d,0.0001,eval_len101-150,0.5195
mqar,lm2l1h256d,0.001,eval_len0-50,0.5845
mqar,lm2l1h256d,0.001,eval_len51-100,0.509
mqar,lm2l1h256d,0.001,eval_len101-150,0.498
mqar,ssm16l64d0dr,0.001,eval_len0-50,0.654
mqar,ssm16l64d0dr,0.001,eval_len51-100,0.5015
mqar,ssm16l64d0dr,0.001,eval_len101-150,0.5195
parity,hyb1l1h16d0dr,0.001,eval_len0-50,1.0
parity,hyb1l1h16d0dr,0.001,eval_len51-100,1.0
parity,hyb1l1h16d0dr,0.001,eval_len101-150,0.989
parity,ssm1l16d0dr,0.001,eval_len0-50,0.6975
parity,ssm1l16d0dr,0.001,eval_len51-100,0.483
parity,ssm1l16d0dr,0.001,eval_len101-150,0.498
parity,ssm1l16d0dr,0.0001,eval_len0-50,0.5285
parity,ssm1l16d0dr,0.0001,eval_len51-100,0.5065
parity,ssm1l16d0dr,0.0001,eval_len101-150,0.496
parity,ssm1l64d0dr,0.001,eval_len0-50,0.7465
parity,ssm1l64d0dr,0.001,eval_len51-100,0.5235
parity,ssm1l64d0dr,0.001,eval_len101-150,0.4885
parity,ssm1l64d0dr,0.0001,eval_len0-50,0.553
parity,ssm1l64d0dr,0.0001,eval_len51-100,0.5125
parity,ssm1l64d0dr,0.0001,eval_len101-150,0.491
parity,ssm1l256d0dr,0.001,eval_len0-50,0.9935
parity,ssm1l256d0dr,0.001,eval_len51-100,0.5675
parity,ssm1l256d0dr,0.001,eval_len101-150,0.487
parity,ssm1l256d0dr,0.0001,eval_len0-50,0.584
parity,ssm1l256d0dr,0.0001,eval_len51-100,0.5195
parity,ssm1l256d0dr,0.0001,eval_len101-150,0.5
parity,ssm2l16d0dr,0.001,eval_len0-50,0.6825
parity,ssm2l16d0dr,0.001,eval_len51-100,0.5095
parity,ssm2l16d0dr,0.001,eval_len101-150,0.4375
parity,ssm2l16d0dr,0.0001,eval_len0-50,0.547
parity,ssm2l16d0dr,0.0001,eval_len51-100,0.508
parity,ssm2l16d0dr,0.0001,eval_len101-150,0.5125
parity,ssm2l64d0dr,0.001,eval_len0-50,0.996
parity,ssm2l64d0dr,0.001,eval_len51-100,0.547
parity,ssm2l64d0dr,0.001,eval_len101-150,0.4965
parity,ssm2l64d0dr,0.0001,eval_len0-50,0.579
parity,ssm2l64d0dr,0.0001,eval_len51-100,0.509
parity,ssm2l64d0dr,0.0001,eval_len101-150,0.4945
parity,ssm2l256d0dr,0.001,eval_len0-50,0.9515
parity,ssm2l256d0dr,0.001,eval_len51-100,0.498
parity,ssm2l256d0dr,0.001,eval_len101-150,0.511
parity,ssm2l256d0dr,0.0001,eval_len0-50,0.671
parity,ssm2l256d0dr,0.0001,eval_len51-100,0.4855
parity,ssm2l256d0dr,0.0001,eval_len101-150,0.4665
parity,ssm4l16d0dr,0.001,eval_len0-50,0.985
parity,ssm4l16d0dr,0.001,eval_len51-100,0.586
parity,ssm4l16d0dr,0.001,eval_len101-150,0.4865
parity,ssm4l16d0dr,0.0001,eval_len0-50,0.5815
parity,ssm4l16d0dr,0.0001,eval_len51-100,0.501
parity,ssm4l16d0dr,0.0001,eval_len101-150,0.515
parity,ssm4l64d0dr,0.001,eval_len0-50,0.9155
parity,ssm4l64d0dr,0.001,eval_len51-100,0.513
parity,ssm4l64d0dr,0.001,eval_len101-150,0.298
parity,ssm4l64d0dr,0.0001,eval_len0-50,0.6665
parity,ssm4l64d0dr,0.0001,eval_len51-100,0.501
parity,ssm4l64d0dr,0.0001,eval_len101-150,0.509
parity,ssm4l256d0dr,0.001,eval_len0-50,1.0
parity,ssm4l256d0dr,0.001,eval_len51-100,0.697
parity,ssm4l256d0dr,0.001,eval_len101-150,0.5125
parity,ssm4l256d0dr,0.0001,eval_len0-50,0.8185
parity,ssm4l256d0dr,0.0001,eval_len51-100,0.4105
parity,ssm4l256d0dr,0.0001,eval_len101-150,0.185
repeat_copy,hyb1l1h16d0dr,0.001,eval_len0-50,0.074
repeat_copy,hyb1l1h16d0dr,0.001,eval_len51-100,0.0
repeat_copy,hyb1l1h16d0dr,0.001,eval_len101-150,0.0
repeat_copy,hyb1l1h16d0dr,0.0001,eval_len0-50,0.012
repeat_copy,hyb1l1h16d0dr,0.0001,eval_len51-100,0.0
repeat_copy,hyb1l1h16d0dr,0.0001,eval_len101-150,0.0
repeat_copy,hyb1l1h16d0.1dr,0.001,eval_len0-50,0.9095
repeat_copy,hyb1l1h16d0.1dr,0.001,eval_len51-100,0.0405
repeat_copy,hyb1l1h16d0.1dr,0.001,eval_len101-150,0.0
repeat_copy,hyb1l1h16d0.1dr,0.0001,eval_len0-50,0.009
repeat_copy,hyb1l1h16d0.1dr,0.0001,eval_len51-100,0.0
repeat_copy,hyb1l1h16d0.1dr,0.0001,eval_len101-150,0.0
repeat_copy,hyb1l1h64d0dr,0.001,eval_len0-50,1.0
repeat_copy,hyb1l1h64d0dr,0.001,eval_len51-100,0.65
repeat_copy,hyb1l1h64d0dr,0.001,eval_len101-150,0.0495
repeat_copy,hyb1l1h64d0dr,0.0001,eval_len0-50,0.991
repeat_copy,hyb1l1h64d0dr,0.0001,eval_len51-100,0.14
repeat_copy,hyb1l1h64d0dr,0.0001,eval_len101-150,0.0005
repeat_copy,hyb1l1h64d0.1dr,0.001,eval_len0-50,1.0
repeat_copy,hyb1l1h64d0.1dr,0.001,eval_len51-100,0.9805
repeat_copy,hyb1l1h64d0.1dr,0.001,eval_len101-150,0.112
repeat_copy,hyb1l1h64d0.1dr,0.0001,eval_len0-50,0.789
repeat_copy,hyb1l1h64d0.1dr,0.0001,eval_len51-100,0.938
repeat_copy,hyb1l1h64d0.1dr,0.0001,eval_len101-150,0.0675
repeat_copy,hyb1l1h256d0dr,0.001,eval_len0-50,1.0
repeat_copy,hyb1l1h256d0dr,0.001,eval_len51-100,0.999
repeat_copy,hyb1l1h256d0dr,0.001,eval_len101-150,0.9755
repeat_copy,hyb1l1h256d0dr,0.0001,eval_len0-50,1.0
repeat_copy,hyb1l1h256d0dr,0.0001,eval_len51-100,0.555
repeat_copy,hyb1l1h256d0dr,0.0001,eval_len101-150,0.0
repeat_copy,hyb1l1h256d0.1dr,0.001,eval_len0-50,1.0
repeat_copy,hyb1l1h256d0.1dr,0.001,eval_len51-100,1.0
repeat_copy,hyb1l1h256d0.1dr,0.001,eval_len101-150,0.9785
repeat_copy,ssm1l16d0dr,0.001,eval_len0-50,0.0405
repeat_copy,ssm1l16d0dr,0.001,eval_len51-100,0.0
repeat_copy,ssm1l16d0dr,0.001,eval_len101-150,0.0
repeat_copy,ssm1l16d0dr,0.0001,eval_len0-50,0.0195
repeat_copy,ssm1l16d0dr,0.0001,eval_len51-100,0.0
repeat_copy,ssm1l16d0dr,0.0001,eval_len101-150,0.0
repeat_copy,ssm1l64d0dr,0.001,eval_len0-50,0.117
repeat_copy,ssm1l64d0dr,0.001,eval_len51-100,0.0
repeat_copy,ssm1l64d0dr,0.001,eval_len101-150,0.0
repeat_copy,ssm1l64d0dr,0.0001,eval_len0-50,0.0245
repeat_copy,ssm1l64d0dr,0.0001,eval_len51-100,0.0
repeat_copy,ssm1l64d0dr,0.0001,eval_len101-150,0.0
repeat_copy,ssm1l256d0dr,0.001,eval_len0-50,0.7145
repeat_copy,ssm1l256d0dr,0.001,eval_len51-100,0.0
repeat_copy,ssm1l256d0dr,0.001,eval_len101-150,0.0
repeat_copy,ssm1l256d0dr,0.0001,eval_len0-50,0.082
repeat_copy,ssm1l256d0dr,0.0001,eval_len51-100,0.0
repeat_copy,ssm1l256d0dr,0.0001,eval_len101-150,0.0
repeat_copy,ssm2l16d0dr,0.001,eval_len0-50,0.089
repeat_copy,ssm2l16d0dr,0.001,eval_len51-100,0.0
repeat_copy,ssm2l16d0dr,0.001,eval_len101-150,0.0
repeat_copy,ssm2l16d0dr,0.0001,eval_len0-50,0.0195
repeat_copy,ssm2l16d0dr,0.0001,eval_len51-100,0.0
repeat_copy,ssm2l16d0dr,0.0001,eval_len101-150,0.0
repeat_copy,ssm2l64d0dr,0.001,eval_len0-50,0.403
repeat_copy,ssm2l64d0dr,0.001,eval_len51-100,0.0
repeat_copy,ssm2l64d0dr,0.001,eval_len101-150,0.0
repeat_copy,ssm2l64d0dr,0.0001,eval_len0-50,0.0625
repeat_copy,ssm2l64d0dr,0.0001,eval_len51-100,0.0
repeat_copy,ssm2l64d0dr,0.0001,eval_len101-150,0.0
repeat_copy,ssm2l256d0dr,0.001,eval_len0-50,0.998
repeat_copy,ssm2l256d0dr,0.001,eval_len51-100,0.0
repeat_copy,ssm2l256d0dr,0.001,eval_len101-150,0.0
repeat_copy,ssm2l256d0dr,0.0001,eval_len0-50,0.2235
repeat_copy,ssm2l256d0dr,0.0001,eval_len51-100,0.0
repeat_copy,ssm2l256d0dr,0.0001,eval_len101-150,0.0
repeat_copy,ssm4l16d0dr,0.001,eval_len0-50,0.1575
repeat_copy,ssm4l16d0dr,0.001,eval_len51-100,0.0
repeat_copy,ssm4l16d0dr,0.001,eval_len101-150,0.0
repeat_copy,ssm4l16d0dr,0.0001,eval_len0-50,0.0135
repeat_copy,ssm4l16d0dr,0.0001,eval_len51-100,0.0
repeat_copy,ssm4l16d0dr,0.0001,eval_len101-150,0.0
repeat_copy,ssm4l64d0dr,0.001,eval_len0-50,0.8345
repeat_copy,ssm4l64d0dr,0.001,eval_len51-100,0.0
repeat_copy,ssm4l64d0dr,0.001,eval_len101-150,0.0
repeat_copy,ssm4l64d0dr,0.0001,eval_len0-50,0.107
repeat_copy,ssm4l64d0dr,0.0001,eval_len51-100,0.0
repeat_copy,ssm4l64d0dr,0.0001,eval_len101-150,0.0
repeat_copy,ssm4l256d0dr,0.001,eval_len0-50,1.0
repeat_copy,ssm4l256d0dr,0.001,eval_len51-100,0.0
repeat_copy,ssm4l256d0dr,0.001,eval_len101-150,0.0
sort,hyb1l1h16d0dr,0.001,eval_len0-50,0.218
sort,hyb1l1h16d0dr,0.001,eval_len51-100,0.0125
sort,hyb1l1h16d0dr,0.001,eval_len101-150,0.0
sort,hyb1l1h16d0dr,0.0001,eval_len0-50,0.0
sort,hyb1l1h16d0dr,0.0001,eval_len51-100,0.0
sort,hyb1l1h16d0dr,0.0001,eval_len101-150,0.0
sort,hyb1l1h16d0.1dr,0.001,eval_len0-50,0.023
sort,hyb1l1h16d0.1dr,0.001,eval_len51-100,0.0005
sort,hyb1l1h16d0.1dr,0.001,eval_len101-150,0.0
sort,hyb1l1h16d0.1dr,0.0001,eval_len0-50,0.0
sort,hyb1l1h16d0.1dr,0.0001,eval_len51-100,0.0
sort,hyb1l1h16d0.1dr,0.0001,eval_len101-150,0.0
sort,hyb1l1h64d0dr,0.001,eval_len0-50,0.998
sort,hyb1l1h64d0dr,0.001,eval_len51-100,0.9895
sort,hyb1l1h64d0dr,0.001,eval_len101-150,0.8595
sort,hyb1l1h64d0dr,0.0001,eval_len0-50,0.068
sort,hyb1l1h64d0dr,0.0001,eval_len51-100,0.043
sort,hyb1l1h64d0dr,0.0001,eval_len101-150,0.0
sort,hyb1l1h64d0.1dr,0.001,eval_len0-50,0.971
sort,hyb1l1h64d0.1dr,0.001,eval_len51-100,1.0
sort,hyb1l1h64d0.1dr,0.001,eval_len101-150,0.5125
sort,hyb1l1h64d0.1dr,0.0001,eval_len0-50,0.0005
sort,hyb1l1h64d0.1dr,0.0001,eval_len51-100,0.0
sort,hyb1l1h64d0.1dr,0.0001,eval_len101-150,0.0
sort,hyb1l1h256d0dr,0.001,eval_len0-50,0.9995
sort,hyb1l1h256d0dr,0.001,eval_len51-100,1.0
sort,hyb1l1h256d0dr,0.001,eval_len101-150,0.998
sort,hyb1l1h256d0dr,0.0001,eval_len0-50,0.999
sort,hyb1l1h256d0dr,0.0001,eval_len51-100,0.841
sort,hyb1l1h256d0dr,0.0001,eval_len101-150,0.1655
sort,hyb1l1h256d0.1dr,0.001,eval_len0-50,1.0
sort,hyb1l1h256d0.1dr,0.001,eval_len51-100,0.9975
sort,hyb1l1h256d0.1dr,0.001,eval_len101-150,0.8465
unique_copy,hyb1l1h16d0dr,0.001,eval_len0-50,0.0
unique_copy,hyb1l1h16d0dr,0.001,eval_len51-100,0.0
unique_copy,hyb1l1h16d0dr,0.001,eval_len101-150,0.0
unique_copy,hyb1l1h16d0dr,0.0001,eval_len0-50,0.0
unique_copy,hyb1l1h16d0dr,0.0001,eval_len51-100,0.0
unique_copy,hyb1l1h16d0dr,0.0001,eval_len101-150,0.0
unique_copy,hyb1l1h16d0.1dr,0.001,eval_len0-50,0.0
unique_copy,hyb1l1h16d0.1dr,0.001,eval_len51-100,0.0
unique_copy,hyb1l1h16d0.1dr,0.001,eval_len101-150,0.0
unique_copy,hyb1l1h16d0.1dr,0.0001,eval_len0-50,0.0
unique_copy,hyb1l1h16d0.1dr,0.0001,eval_len51-100,0.0
unique_copy,hyb1l1h16d0.1dr,0.0001,eval_len101-150,0.0
unique_copy,hyb1l1h64d0dr,0.001,eval_len0-50,0.9965
unique_copy,hyb1l1h64d0dr,0.001,eval_len51-100,0.962
unique_copy,hyb1l1h64d0dr,0.001,eval_len101-150,0.684
unique_copy,hyb1l1h64d0dr,0.0001,eval_len0-50,0.0
unique_copy,hyb1l1h64d0dr,0.0001,eval_len51-100,0.0
unique_copy,hyb1l1h64d0dr,0.0001,eval_len101-150,0.0
unique_copy,hyb1l1h64d0.1dr,0.001,eval_len0-50,1.0
unique_copy,hyb1l1h64d0.1dr,0.001,eval_len51-100,0.9775
unique_copy,hyb1l1h64d0.1dr,0.001,eval_len101-150,0.8975
unique_copy,hyb1l1h64d0.1dr,0.0001,eval_len0-50,0.0
unique_copy,hyb1l1h64d0.1dr,0.0001,eval_len51-100,0.0
unique_copy,hyb1l1h64d0.1dr,0.0001,eval_len101-150,0.0
unique_copy,hyb1l1h256d0dr,0.001,eval_len0-50,0.93
unique_copy,hyb1l1h256d0dr,0.001,eval_len51-100,0.9985
unique_copy,hyb1l1h256d0dr,0.001,eval_len101-150,0.993
unique_copy,ssm1l16d0dr,0.001,eval_len0-50,0.0005
unique_copy,ssm1l16d0dr,0.001,eval_len51-100,0.0
unique_copy,ssm1l16d0dr,0.001,eval_len101-150,0.0
unique_copy,ssm1l16d0dr,0.0001,eval_len0-50,0.0
unique_copy,ssm1l16d0dr,0.0001,eval_len51-100,0.0
unique_copy,ssm1l16d0dr,0.0001,eval_len101-150,0.0
unique_copy,ssm1l64d0dr,0.001,eval_len0-50,0.0
unique_copy,ssm1l64d0dr,0.001,eval_len51-100,0.0
unique_copy,ssm1l64d0dr,0.001,eval_len101-150,0.0
unique_copy,ssm1l64d0dr,0.0001,eval_len0-50,0.0
unique_copy,ssm1l64d0dr,0.0001,eval_len51-100,0.0
unique_copy,ssm1l64d0dr,0.0001,eval_len101-150,0.0
unique_copy,ssm1l256d0dr,0.001,eval_len0-50,0.0
unique_copy,ssm1l256d0dr,0.001,eval_len51-100,0.0
unique_copy,ssm1l256d0dr,0.001,eval_len101-150,0.0
unique_copy,ssm1l256d0dr,0.0001,eval_len0-50,0.0
unique_copy,ssm1l256d0dr,0.0001,eval_len51-100,0.0
unique_copy,ssm1l256d0dr,0.0001,eval_len101-150,0.0
unique_copy,ssm2l16d0dr,0.001,eval_len0-50,0.0
unique_copy,ssm2l16d0dr,0.001,eval_len51-100,0.0
unique_copy,ssm2l16d0dr,0.001,eval_len101-150,0.0
unique_copy,ssm2l16d0dr,0.0001,eval_len0-50,0.0
unique_copy,ssm2l16d0dr,0.0001,eval_len51-100,0.0
unique_copy,ssm2l16d0dr,0.0001,eval_len101-150,0.0
unique_copy,ssm2l64d0dr,0.001,eval_len0-50,0.016
unique_copy,ssm2l64d0dr,0.001,eval_len51-100,0.0
unique_copy,ssm2l64d0dr,0.001,eval_len101-150,0.0
unique_copy,ssm2l64d0dr,0.0001,eval_len0-50,0.0
unique_copy,ssm2l64d0dr,0.0001,eval_len51-100,0.0
unique_copy,ssm2l64d0dr,0.0001,eval_len101-150,0.0
unique_copy,ssm2l256d0dr,0.001,eval_len0-50,0.0465
unique_copy,ssm2l256d0dr,0.001,eval_len51-100,0.0
unique_copy,ssm2l256d0dr,0.001,eval_len101-150,0.0
unique_copy,ssm2l256d0dr,0.0001,eval_len0-50,0.0
unique_copy,ssm2l256d0dr,0.0001,eval_len51-100,0.0
unique_copy,ssm2l256d0dr,0.0001,eval_len101-150,0.0
unique_copy,ssm4l16d0dr,0.001,eval_len0-50,0.0
unique_copy,ssm4l16d0dr,0.001,eval_len51-100,0.0
unique_copy,ssm4l16d0dr,0.001,eval_len101-150,0.0
unique_copy,ssm4l16d0dr,0.0001,eval_len0-50,0.0005
unique_copy,ssm4l16d0dr,0.0001,eval_len51-100,0.0
unique_copy,ssm4l16d0dr,0.0001,eval_len101-150,0.0
unique_copy,ssm4l64d0dr,0.001,eval_len0-50,0.024
unique_copy,ssm4l64d0dr,0.001,eval_len51-100,0.0
unique_copy,ssm4l64d0dr,0.001,eval_len101-150,0.0
unique_copy,ssm4l64d0dr,0.0001,eval_len0-50,0.0005
unique_copy,ssm4l64d0dr,0.0001,eval_len51-100,0.0
unique_copy,ssm4l64d0dr,0.0001,eval_len101-150,0.0
unique_copy,ssm4l256d0dr,0.001,eval_len0-50,0.2245
unique_copy,ssm4l256d0dr,0.001,eval_len51-100,0.0
unique_copy,ssm4l256d0dr,0.001,eval_len101-150,0.0
addition,hyb1l2h16d0.1dr,0.001,eval_len0-50,0.845
addition,hyb1l2h16d0.1dr,0.001,eval_len51-100,0.925
addition,hyb1l2h16d0.1dr,0.001,eval_len101-150,0.448
addition,hyb1l2h16d0.1dr,0.0001,eval_len0-50,0.0075
addition,hyb1l2h16d0.1dr,0.0001,eval_len51-100,0.0
addition,hyb1l2h16d0.1dr,0.0001,eval_len101-150,0.0
addition,hyb1l2h64d0dr,0.001,eval_len0-50,1.0
addition,hyb1l2h64d0dr,0.001,eval_len51-100,0.9175
addition,hyb1l2h64d0dr,0.001,eval_len101-150,0.4315
addition,hyb1l2h64d0dr,0.0001,eval_len0-50,0.9895
addition,hyb1l2h64d0dr,0.0001,eval_len51-100,0.2215
addition,hyb1l2h64d0dr,0.0001,eval_len101-150,0.0305
addition,hyb1l2h64d0.1dr,0.001,eval_len0-50,1.0
addition,hyb1l2h64d0.1dr,0.001,eval_len51-100,1.0
addition,hyb1l2h64d0.1dr,0.001,eval_len101-150,0.9955
addition,ssm4l256d0dr,0.0001,eval_len0-50,0.0995
addition,ssm4l256d0dr,0.0001,eval_len51-100,0.0
addition,ssm4l256d0dr,0.0001,eval_len101-150,0.0
bin_majority_interleave,hyb1l4h256d0dr,0.0001,eval_len0-50,1.0
bin_majority_interleave,hyb1l4h256d0dr,0.0001,eval_len51-100,0.8545
bin_majority_interleave,hyb1l4h256d0dr,0.0001,eval_len101-150,0.7465
bin_majority_interleave,hyb1l4h256d0.1dr,0.001,eval_len0-50,1.0
bin_majority_interleave,hyb1l4h256d0.1dr,0.001,eval_len51-100,0.9945
bin_majority_interleave,hyb1l4h256d0.1dr,0.001,eval_len101-150,0.9705
bin_majority_interleave,hyb1l4h256d0.1dr,0.0001,eval_len0-50,1.0
bin_majority_interleave,hyb1l4h256d0.1dr,0.0001,eval_len51-100,0.908
bin_majority_interleave,hyb1l4h256d0.1dr,0.0001,eval_len101-150,0.875
bin_majority_interleave,hyb2l1h16d0dr,0.001,eval_len0-50,1.0
bin_majority_interleave,hyb2l1h16d0dr,0.001,eval_len51-100,0.9095
bin_majority_interleave,hyb2l1h16d0dr,0.001,eval_len101-150,0.8645
bin_majority_interleave,hyb2l1h16d0dr,0.0001,eval_len0-50,1.0
bin_majority_interleave,hyb2l1h16d0dr,0.0001,eval_len51-100,0.8885
bin_majority_interleave,hyb2l1h16d0dr,0.0001,eval_len101-150,0.7355
bin_majority_interleave,hyb2l1h16d0.1dr,0.001,eval_len0-50,1.0
bin_majority_interleave,hyb2l1h16d0.1dr,0.001,eval_len51-100,0.9595
bin_majority_interleave,hyb2l1h16d0.1dr,0.001,eval_len101-150,0.8955
bin_majority_interleave,hyb2l1h16d0.1dr,0.0001,eval_len0-50,0.998
bin_majority_interleave,hyb2l1h16d0.1dr,0.0001,eval_len51-100,0.932
bin_majority_interleave,hyb2l1h16d0.1dr,0.0001,eval_len101-150,0.8445
bin_majority_interleave,hyb2l1h64d0dr,0.001,eval_len0-50,1.0
bin_majority_interleave,hyb2l1h64d0dr,0.001,eval_len51-100,0.9325
bin_majority_interleave,hyb2l1h64d0dr,0.001,eval_len101-150,0.8905
bin_majority_interleave,hyb2l1h64d0dr,0.0001,eval_len0-50,1.0
bin_majority_interleave,hyb2l1h64d0dr,0.0001,eval_len51-100,0.8565
bin_majority_interleave,hyb2l1h64d0dr,0.0001,eval_len101-150,0.75
bin_majority_interleave,hyb2l1h64d0.1dr,0.001,eval_len0-50,1.0
bin_majority_interleave,hyb2l1h64d0.1dr,0.001,eval_len51-100,0.974
bin_majority_interleave,hyb2l1h64d0.1dr,0.001,eval_len101-150,0.9225
bin_majority_interleave,hyb2l1h64d0.1dr,0.0001,eval_len0-50,1.0
bin_majority_interleave,hyb2l1h64d0.1dr,0.0001,eval_len51-100,0.9525
bin_majority_interleave,hyb2l1h64d0.1dr,0.0001,eval_len101-150,0.874
bin_majority_interleave,hyb2l1h256d0dr,0.001,eval_len0-50,1.0
bin_majority_interleave,hyb2l1h256d0dr,0.001,eval_len51-100,0.9465
bin_majority_interleave,hyb2l1h256d0dr,0.001,eval_len101-150,0.8925
bin_majority_interleave,hyb2l1h256d0dr,0.0001,eval_len0-50,1.0
bin_majority_interleave,hyb2l1h256d0dr,0.0001,eval_len51-100,0.905
bin_majority_interleave,hyb2l1h256d0dr,0.0001,eval_len101-150,0.8385
lm-out-new-mqar,2l2h256d,0.0001,eval_len0-50,0.594
lm-out-new-mqar,2l2h256d,0.0001,eval_len51-100,0.485
lm-out-new-mqar,2l2h256d,0.0001,eval_len101-150,0.496
lm-out-new-mqar,2l4h16d,0.001,eval_len0-50,0.5955
lm-out-new-mqar,2l4h16d,0.001,eval_len51-100,0.488
lm-out-new-mqar,2l4h16d,0.001,eval_len101-150,0.481
lm-out-new-mqar,2l4h16d,0.0001,eval_len0-50,0.5865
lm-out-new-mqar,2l4h16d,0.0001,eval_len51-100,0.515
lm-out-new-mqar,2l4h16d,0.0001,eval_len101-150,0.501
lm-out-new-mqar,2l4h64d,0.001,eval_len0-50,0.587
lm-out-new-mqar,2l4h64d,0.001,eval_len51-100,0.5065
lm-out-new-mqar,2l4h64d,0.001,eval_len101-150,0.5195
lm-out-new-mqar,2l4h64d,0.0001,eval_len0-50,0.5865
lm-out-new-mqar,2l4h64d,0.0001,eval_len51-100,0.514
lm-out-new-mqar,2l4h64d,0.0001,eval_len101-150,0.4935
mqar,ssm8l64d0.1dr,0.001,eval_len0-50,0.642
mqar,ssm8l64d0.1dr,0.001,eval_len51-100,0.5125
mqar,ssm8l64d0.1dr,0.001,eval_len101-150,0.488
mqar,ssm8l64d0.1dr,0.0001,eval_len0-50,0.586
mqar,ssm8l64d0.1dr,0.0001,eval_len51-100,0.4845
mqar,ssm8l64d0.1dr,0.0001,eval_len101-150,0.4855
mqar,lm2l1h256d,0.0001,eval_len0-50,0.593
mqar,lm2l1h256d,0.0001,eval_len51-100,0.4975
mqar,lm2l1h256d,0.0001,eval_len101-150,0.4865
mqar,lm2l2h16d,0.001,eval_len0-50,0.593
mqar,lm2l2h16d,0.001,eval_len51-100,0.5115
mqar,lm2l2h16d,0.001,eval_len101-150,0.4825
mqar,lm2l2h16d,0.0001,eval_len0-50,0.5865
mqar,lm2l2h16d,0.0001,eval_len51-100,0.5005
mqar,lm2l2h16d,0.0001,eval_len101-150,0.5195
mqar,lm2l2h64d,0.001,eval_len0-50,0.588
mqar,lm2l2h64d,0.001,eval_len51-100,0.498
mqar,lm2l2h64d,0.001,eval_len101-150,0.5245
mqar,lm2l2h64d,0.0001,eval_len0-50,0.5885
mqar,lm2l2h64d,0.0001,eval_len51-100,0.487
mqar,lm2l2h64d,0.0001,eval_len101-150,0.484
repeat_copy,ssm4l256d0dr,0.0001,eval_len0-50,0.432
repeat_copy,ssm4l256d0dr,0.0001,eval_len51-100,0.0
repeat_copy,ssm4l256d0dr,0.0001,eval_len101-150,0.0
sort,ssm4l256d0.1dr,0.001,eval_len0-50,1.0
sort,ssm4l256d0.1dr,0.001,eval_len51-100,0.0865
sort,ssm4l256d0.1dr,0.001,eval_len101-150,0.0
sort,hyb1l1h256d0.1dr,0.0001,eval_len0-50,0.9485
sort,hyb1l1h256d0.1dr,0.0001,eval_len51-100,1.0
sort,hyb1l1h256d0.1dr,0.0001,eval_len101-150,1.0
sort,hyb1l2h16d0dr,0.001,eval_len0-50,0.2665
sort,hyb1l2h16d0dr,0.001,eval_len51-100,0.084
sort,hyb1l2h16d0dr,0.001,eval_len101-150,0.0
sort,hyb1l2h16d0dr,0.0001,eval_len0-50,0.0
sort,hyb1l2h16d0dr,0.0001,eval_len51-100,0.0
sort,hyb1l2h16d0dr,0.0001,eval_len101-150,0.0
sort,hyb1l2h16d0.1dr,0.001,eval_len0-50,0.005
sort,hyb1l2h16d0.1dr,0.001,eval_len51-100,0.0
sort,hyb1l2h16d0.1dr,0.001,eval_len101-150,0.0
sort,hyb1l2h16d0.1dr,0.0001,eval_len0-50,0.0
sort,hyb1l2h16d0.1dr,0.0001,eval_len51-100,0.0
sort,hyb1l2h16d0.1dr,0.0001,eval_len101-150,0.0
sort,hyb1l2h64d0dr,0.001,eval_len0-50,0.998
sort,hyb1l2h64d0dr,0.001,eval_len51-100,0.997
sort,hyb1l2h64d0dr,0.001,eval_len101-150,0.94
sort,hyb1l2h64d0dr,0.0001,eval_len0-50,0.0055
sort,hyb1l2h64d0dr,0.0001,eval_len51-100,0.0
sort,hyb1l2h64d0dr,0.0001,eval_len101-150,0.0
sort,hyb1l2h64d0.1dr,0.001,eval_len0-50,0.9985
sort,hyb1l2h64d0.1dr,0.001,eval_len51-100,1.0
sort,hyb1l2h64d0.1dr,0.001,eval_len101-150,1.0
unique_copy,hyb1l1h256d0dr,0.0001,eval_len0-50,0.999
unique_copy,hyb1l1h256d0dr,0.0001,eval_len51-100,0.997
unique_copy,hyb1l1h256d0dr,0.0001,eval_len101-150,0.9705
unique_copy,hyb1l1h256d0.1dr,0.001,eval_len0-50,1.0
unique_copy,hyb1l1h256d0.1dr,0.001,eval_len51-100,0.992
unique_copy,hyb1l1h256d0.1dr,0.001,eval_len101-150,0.9125
unique_copy,ssm4l256d0dr,0.0001,eval_len0-50,0.0075
unique_copy,ssm4l256d0dr,0.0001,eval_len51-100,0.0
unique_copy,ssm4l256d0dr,0.0001,eval_len101-150,0.0
bin_majority_interleave,4l256d0dr,0.001,eval_len0-50,1.0
bin_majority_interleave,4l256d0dr,0.001,eval_len51-100,0.957
bin_majority_interleave,4l256d0dr,0.001,eval_len101-150,0.9235
bin_majority_interleave,4l256d0dr,0.0001,eval_len0-50,1.0
bin_majority_interleave,4l256d0dr,0.0001,eval_len51-100,0.911
bin_majority_interleave,4l256d0dr,0.0001,eval_len101-150,0.774
majority,1l1h16d,0.001,eval_len0-50,0.3465
majority,1l1h16d,0.001,eval_len51-100,0.218
majority,1l1h16d,0.001,eval_len101-150,0.19
majority,1l1h16d,0.0001,eval_len0-50,0.109
majority,1l1h16d,0.0001,eval_len51-100,0.0965
majority,1l1h16d,0.0001,eval_len101-150,0.098
majority,1l1h64d,0.001,eval_len0-50,0.88
majority,1l1h64d,0.001,eval_len51-100,0.727
majority,1l1h64d,0.001,eval_len101-150,0.6505
majority,1l1h64d,0.0001,eval_len0-50,1.0
majority,1l1h64d,0.0001,eval_len51-100,0.976
majority,1l1h64d,0.0001,eval_len101-150,0.879
majority,1l1h256d,0.001,eval_len0-50,1.0
majority,1l1h256d,0.001,eval_len51-100,0.9765
majority,1l1h256d,0.001,eval_len101-150,0.9505
majority,1l1h256d,0.0001,eval_len0-50,1.0
majority,1l1h256d,0.0001,eval_len51-100,0.9875
majority,1l1h256d,0.0001,eval_len101-150,0.927
majority,1l2h16d,0.001,eval_len0-50,0.432
majority,1l2h16d,0.001,eval_len51-100,0.2795
majority,1l2h16d,0.001,eval_len101-150,0.2645
majority,1l2h16d,0.0001,eval_len0-50,0.1105
majority,1l2h16d,0.0001,eval_len51-100,0.094
majority,1l2h16d,0.0001,eval_len101-150,0.0905
majority,1l2h64d,0.001,eval_len0-50,0.921
majority,1l2h64d,0.001,eval_len51-100,0.792
majority,1l2h64d,0.001,eval_len101-150,0.7195
majority,1l2h64d,0.0001,eval_len0-50,1.0
majority,1l2h64d,0.0001,eval_len51-100,0.962
majority,1l2h64d,0.0001,eval_len101-150,0.854
majority,1l2h256d,0.001,eval_len0-50,1.0
majority,1l2h256d,0.001,eval_len51-100,0.999
majority,1l2h256d,0.001,eval_len101-150,0.9935
majority,1l2h256d,0.0001,eval_len0-50,1.0
majority,1l2h256d,0.0001,eval_len51-100,0.9785
majority,1l2h256d,0.0001,eval_len101-150,0.8965
majority,1l4h16d,0.001,eval_len0-50,0.447
majority,1l4h16d,0.001,eval_len51-100,0.274
majority,1l4h16d,0.001,eval_len101-150,0.2585
majority,1l4h16d,0.0001,eval_len0-50,0.113
majority,1l4h16d,0.0001,eval_len51-100,0.0905
majority,1l4h16d,0.0001,eval_len101-150,0.0925
majority,1l4h64d,0.001,eval_len0-50,0.9355
majority,1l4h64d,0.001,eval_len51-100,0.7975
majority,1l4h64d,0.001,eval_len101-150,0.737
majority,1l4h64d,0.0001,eval_len0-50,1.0
majority,1l4h64d,0.0001,eval_len51-100,0.964
majority,1l4h64d,0.0001,eval_len101-150,0.84
majority,1l4h256d,0.001,eval_len0-50,1.0
majority,1l4h256d,0.001,eval_len51-100,0.999
majority,1l4h256d,0.001,eval_len101-150,0.987
majority,1l4h256d,0.0001,eval_len0-50,1.0
majority,1l4h256d,0.0001,eval_len51-100,0.978
majority,1l4h256d,0.0001,eval_len101-150,0.9235
majority,2l1h16d,0.001,eval_len0-50,1.0
majority,2l1h16d,0.001,eval_len51-100,0.934
majority,2l1h16d,0.001,eval_len101-150,0.591
majority,2l1h16d,0.0001,eval_len0-50,0.4845
majority,2l1h16d,0.0001,eval_len51-100,0.3215
majority,2l1h16d,0.0001,eval_len101-150,0.278
majority,2l1h64d,0.001,eval_len0-50,1.0
majority,2l1h64d,0.001,eval_len51-100,0.9775
majority,2l1h64d,0.001,eval_len101-150,0.906
majority,2l1h64d,0.0001,eval_len0-50,1.0
majority,2l1h64d,0.0001,eval_len51-100,0.9575
majority,2l1h64d,0.0001,eval_len101-150,0.855
majority,2l1h256d,0.001,eval_len0-50,1.0
majority,2l1h256d,0.001,eval_len51-100,0.999
majority,2l1h256d,0.001,eval_len101-150,0.995
majority,2l1h256d,0.0001,eval_len0-50,1.0
majority,2l1h256d,0.0001,eval_len51-100,0.992
majority,2l1h256d,0.0001,eval_len101-150,0.9595
majority,2l2h16d,0.001,eval_len0-50,0.8715
majority,2l2h16d,0.001,eval_len51-100,0.6835
majority,2l2h16d,0.001,eval_len101-150,0.571
majority,2l2h16d,0.0001,eval_len0-50,0.446
majority,2l2h16d,0.0001,eval_len51-100,0.295
majority,2l2h16d,0.0001,eval_len101-150,0.2685
majority,2l2h64d,0.001,eval_len0-50,1.0
majority,2l2h64d,0.001,eval_len51-100,0.997
majority,2l2h64d,0.001,eval_len101-150,0.9555
majority,2l2h64d,0.0001,eval_len0-50,1.0
majority,2l2h64d,0.0001,eval_len51-100,0.982
majority,2l2h64d,0.0001,eval_len101-150,0.905
majority,2l2h256d,0.001,eval_len0-50,1.0
majority,2l2h256d,0.001,eval_len51-100,0.999
majority,2l2h256d,0.001,eval_len101-150,0.979
majority,2l2h256d,0.0001,eval_len0-50,1.0
majority,2l2h256d,0.0001,eval_len51-100,0.9815
majority,2l2h256d,0.0001,eval_len101-150,0.9345
majority,2l4h16d,0.001,eval_len0-50,0.998
majority,2l4h16d,0.001,eval_len51-100,0.9335
majority,2l4h16d,0.001,eval_len101-150,0.7725
majority,2l4h16d,0.0001,eval_len0-50,0.4605
majority,2l4h16d,0.0001,eval_len51-100,0.3275
majority,2l4h16d,0.0001,eval_len101-150,0.2895
majority,2l4h64d,0.001,eval_len0-50,1.0
majority,2l4h64d,0.001,eval_len51-100,0.9885
majority,2l4h64d,0.001,eval_len101-150,0.929
majority,2l4h64d,0.0001,eval_len0-50,1.0
majority,2l4h64d,0.0001,eval_len51-100,0.9865
majority,2l4h64d,0.0001,eval_len101-150,0.9085
majority,2l4h256d,0.001,eval_len0-50,1.0
majority,2l4h256d,0.001,eval_len51-100,0.997
majority,2l4h256d,0.001,eval_len101-150,0.975
majority,2l4h256d,0.0001,eval_len0-50,1.0
majority,2l4h256d,0.0001,eval_len51-100,0.9905
majority,2l4h256d,0.0001,eval_len101-150,0.937
majority,4l1h16d,0.001,eval_len0-50,1.0
majority,4l1h16d,0.001,eval_len51-100,0.9735
majority,4l1h16d,0.001,eval_len101-150,0.871
majority,4l1h16d,0.0001,eval_len0-50,0.6235
majority,4l1h16d,0.0001,eval_len51-100,0.439
majority,4l1h16d,0.0001,eval_len101-150,0.3825
majority,4l1h64d,0.001,eval_len0-50,1.0
majority,4l1h64d,0.001,eval_len51-100,0.994
majority,4l1h64d,0.001,eval_len101-150,0.958
majority,4l1h64d,0.0001,eval_len0-50,1.0
majority,4l1h64d,0.0001,eval_len51-100,0.9835
majority,4l1h64d,0.0001,eval_len101-150,0.935
majority,4l1h256d,0.001,eval_len0-50,1.0
majority,4l1h256d,0.001,eval_len51-100,0.9985
majority,4l1h256d,0.001,eval_len101-150,0.9855
majority,4l1h256d,0.0001,eval_len0-50,1.0
majority,4l1h256d,0.0001,eval_len51-100,0.9975
majority,4l1h256d,0.0001,eval_len101-150,0.974
majority,4l2h16d,0.001,eval_len0-50,1.0
majority,4l2h16d,0.001,eval_len51-100,0.9785
majority,4l2h16d,0.001,eval_len101-150,0.9025
majority,4l2h16d,0.0001,eval_len0-50,0.6235
majority,4l2h16d,0.0001,eval_len51-100,0.4435
majority,4l2h16d,0.0001,eval_len101-150,0.3675
majority,4l2h64d,0.001,eval_len0-50,1.0
majority,4l2h64d,0.001,eval_len51-100,0.991
majority,4l2h64d,0.001,eval_len101-150,0.9475
majority,4l2h64d,0.0001,eval_len0-50,1.0
majority,4l2h64d,0.0001,eval_len51-100,0.9865
majority,4l2h64d,0.0001,eval_len101-150,0.944
majority,4l2h256d,0.001,eval_len0-50,1.0
majority,4l2h256d,0.001,eval_len51-100,0.983
majority,4l2h256d,0.001,eval_len101-150,0.9275
majority,4l2h256d,0.0001,eval_len0-50,1.0
majority,4l2h256d,0.0001,eval_len51-100,0.9835
majority,4l2h256d,0.0001,eval_len101-150,0.9605
majority,4l4h16d,0.001,eval_len0-50,1.0
majority,4l4h16d,0.001,eval_len51-100,0.977
majority,4l4h16d,0.001,eval_len101-150,0.864
majority,4l4h16d,0.0001,eval_len0-50,0.4525
majority,4l4h16d,0.0001,eval_len51-100,0.304
majority,4l4h16d,0.0001,eval_len101-150,0.2515
majority,4l4h64d,0.001,eval_len0-50,1.0
majority,4l4h64d,0.001,eval_len51-100,0.994
majority,4l4h64d,0.001,eval_len101-150,0.943
majority,4l4h64d,0.0001,eval_len0-50,1.0
majority,4l4h64d,0.0001,eval_len51-100,0.963
majority,4l4h64d,0.0001,eval_len101-150,0.8785
majority,4l4h256d,0.001,eval_len0-50,1.0
majority,4l4h256d,0.001,eval_len51-100,1.0
majority,4l4h256d,0.001,eval_len101-150,0.9975
mqar,1l1h16d,0.001,eval_len0-50,0.514
mqar,1l1h16d,0.001,eval_len51-100,0.4995
mqar,1l1h16d,0.001,eval_len101-150,0.4805
mqar,1l1h16d,0.0001,eval_len0-50,0.514
mqar,1l1h16d,0.0001,eval_len51-100,0.4995
mqar,1l1h16d,0.0001,eval_len101-150,0.4805
mqar,1l1h64d,0.001,eval_len0-50,0.5795
mqar,1l1h64d,0.001,eval_len51-100,0.509
mqar,1l1h64d,0.001,eval_len101-150,0.5195
mqar,1l1h64d,0.0001,eval_len0-50,0.576
mqar,1l1h64d,0.0001,eval_len51-100,0.494
mqar,1l1h64d,0.0001,eval_len101-150,0.506
mqar,1l1h256d,0.001,eval_len0-50,0.591
mqar,1l1h256d,0.001,eval_len51-100,0.4995
mqar,1l1h256d,0.001,eval_len101-150,0.4805
mqar,1l1h256d,0.0001,eval_len0-50,0.5855
mqar,1l1h256d,0.0001,eval_len51-100,0.4805
mqar,1l1h256d,0.0001,eval_len101-150,0.4095
mqar,1l2h16d,0.001,eval_len0-50,0.5855
mqar,1l2h16d,0.001,eval_len51-100,0.5005
mqar,1l2h16d,0.001,eval_len101-150,0.507
mqar,1l2h16d,0.0001,eval_len0-50,0.514
mqar,1l2h16d,0.0001,eval_len51-100,0.4995
mqar,1l2h16d,0.0001,eval_len101-150,0.4805
mqar,1l2h64d,0.001,eval_len0-50,0.593
mqar,1l2h64d,0.001,eval_len51-100,0.505
mqar,1l2h64d,0.001,eval_len101-150,0.5195
mqar,1l2h64d,0.0001,eval_len0-50,0.58
mqar,1l2h64d,0.0001,eval_len51-100,0.502
mqar,1l2h64d,0.0001,eval_len101-150,0.485
mqar,1l2h256d,0.001,eval_len0-50,0.6005
mqar,1l2h256d,0.001,eval_len51-100,0.5045
mqar,1l2h256d,0.001,eval_len101-150,0.5075
mqar,1l2h256d,0.0001,eval_len0-50,0.5935
mqar,1l2h256d,0.0001,eval_len51-100,0.514
mqar,1l2h256d,0.0001,eval_len101-150,0.4855
mqar,1l4h16d,0.001,eval_len0-50,0.5885
mqar,1l4h16d,0.001,eval_len51-100,0.4885
mqar,1l4h16d,0.001,eval_len101-150,0.515
mqar,1l4h16d,0.0001,eval_len0-50,0.584
mqar,1l4h16d,0.0001,eval_len51-100,0.5025
mqar,1l4h16d,0.0001,eval_len101-150,0.486
mqar,1l4h64d,0.001,eval_len0-50,0.5825
mqar,1l4h64d,0.001,eval_len51-100,0.504
mqar,1l4h64d,0.001,eval_len101-150,0.5195
mqar,1l4h64d,0.0001,eval_len0-50,0.5835
mqar,1l4h64d,0.0001,eval_len51-100,0.5
mqar,1l4h64d,0.0001,eval_len101-150,0.4805
mqar,1l4h256d,0.001,eval_len0-50,0.597
mqar,1l4h256d,0.001,eval_len51-100,0.475
mqar,1l4h256d,0.001,eval_len101-150,0.4715
mqar,1l4h256d,0.0001,eval_len0-50,0.598
mqar,1l4h256d,0.0001,eval_len51-100,0.505
mqar,1l4h256d,0.0001,eval_len101-150,0.5145
mqar,2l1h16d,0.001,eval_len0-50,0.588
mqar,2l1h16d,0.001,eval_len51-100,0.508
mqar,2l1h16d,0.001,eval_len101-150,0.485
mqar,2l1h16d,0.0001,eval_len0-50,0.5835
mqar,2l1h16d,0.0001,eval_len51-100,0.502
mqar,2l1h16d,0.0001,eval_len101-150,0.5195
mqar,2l1h64d,0.001,eval_len0-50,0.589
mqar,2l1h64d,0.001,eval_len51-100,0.484
mqar,2l1h64d,0.001,eval_len101-150,0.4775
mqar,2l1h64d,0.0001,eval_len0-50,0.589
mqar,2l1h64d,0.0001,eval_len51-100,0.5165
mqar,2l1h64d,0.0001,eval_len101-150,0.5195
mqar,2l1h256d,0.001,eval_len0-50,0.5845
mqar,2l1h256d,0.001,eval_len51-100,0.509
mqar,2l1h256d,0.001,eval_len101-150,0.498
mqar,2l1h256d,0.0001,eval_len0-50,0.593
mqar,2l1h256d,0.0001,eval_len51-100,0.4975
mqar,2l1h256d,0.0001,eval_len101-150,0.4865
mqar,2l2h16d,0.001,eval_len0-50,0.593
mqar,2l2h16d,0.001,eval_len51-100,0.5115
mqar,2l2h16d,0.001,eval_len101-150,0.4825
mqar,2l2h16d,0.0001,eval_len0-50,0.5865
mqar,2l2h16d,0.0001,eval_len51-100,0.5005
mqar,2l2h16d,0.0001,eval_len101-150,0.5195
mqar,2l2h64d,0.001,eval_len0-50,0.588
mqar,2l2h64d,0.001,eval_len51-100,0.498
mqar,2l2h64d,0.001,eval_len101-150,0.5245
mqar,2l2h64d,0.0001,eval_len0-50,0.5885
mqar,2l2h64d,0.0001,eval_len51-100,0.487
mqar,2l2h64d,0.0001,eval_len101-150,0.484
mqar,2l2h256d,0.001,eval_len0-50,0.581
mqar,2l2h256d,0.001,eval_len51-100,0.486
mqar,2l2h256d,0.001,eval_len101-150,0.5145
mqar,2l2h256d,0.0001,eval_len0-50,0.594
mqar,2l2h256d,0.0001,eval_len51-100,0.485
mqar,2l2h256d,0.0001,eval_len101-150,0.496
mqar,2l4h16d,0.001,eval_len0-50,0.5955
mqar,2l4h16d,0.001,eval_len51-100,0.488
mqar,2l4h16d,0.001,eval_len101-150,0.481
mqar,2l4h16d,0.0001,eval_len0-50,0.5865
mqar,2l4h16d,0.0001,eval_len51-100,0.515
mqar,2l4h16d,0.0001,eval_len101-150,0.501
mqar,2l4h64d,0.001,eval_len0-50,0.587
mqar,2l4h64d,0.001,eval_len51-100,0.5065
mqar,2l4h64d,0.001,eval_len101-150,0.5195
mqar,2l4h64d,0.0001,eval_len0-50,0.5865
mqar,2l4h64d,0.0001,eval_len51-100,0.514
mqar,2l4h64d,0.0001,eval_len101-150,0.4935
mqar,4l256d0dr,0.001,eval_len0-50,0.6485
mqar,4l256d0dr,0.001,eval_len51-100,0.515
mqar,4l256d0dr,0.001,eval_len101-150,0.498
mqar,4l256d0dr,0.0001,eval_len0-50,0.6085
mqar,4l256d0dr,0.0001,eval_len51-100,0.4975
mqar,4l256d0dr,0.0001,eval_len101-150,0.519
sort,1l1h16d,0.001,eval_len0-50,0.2215
sort,1l1h16d,0.001,eval_len51-100,0.219
sort,1l1h16d,0.001,eval_len101-150,0.0
sort,1l1h16d,0.0001,eval_len0-50,0.0
sort,1l1h16d,0.0001,eval_len51-100,0.0
sort,1l1h16d,0.0001,eval_len101-150,0.0
sort,1l1h64d,0.001,eval_len0-50,0.9865
sort,1l1h64d,0.001,eval_len51-100,0.9545
sort,1l1h64d,0.001,eval_len101-150,0.5095
sort,1l1h64d,0.0001,eval_len0-50,0.7905
sort,1l1h64d,0.0001,eval_len51-100,0.9835
sort,1l1h64d,0.0001,eval_len101-150,0.9545
sort,1l1h256d,0.001,eval_len0-50,0.998
sort,1l1h256d,0.001,eval_len51-100,0.9935
sort,1l1h256d,0.001,eval_len101-150,0.7005
sort,1l1h256d,0.0001,eval_len0-50,1.0
sort,1l1h256d,0.0001,eval_len51-100,1.0
sort,1l1h256d,0.0001,eval_len101-150,1.0
sort,4l256d0dr,0.001,eval_len0-50,0.996
sort,4l256d0dr,0.001,eval_len51-100,0.06
sort,4l256d0dr,0.001,eval_len101-150,0.0
sort,4l256d0dr,0.0001,eval_len0-50,0.0885
sort,4l256d0dr,0.0001,eval_len51-100,0.0
sort,4l256d0dr,0.0001,eval_len101-150,0.0
unique_copy,1l1h16d,0.001,eval_len0-50,0.0
unique_copy,1l1h16d,0.001,eval_len51-100,0.0
unique_copy,1l1h16d,0.001,eval_len101-150,0.0
unique_copy,1l1h16d,0.0001,eval_len0-50,0.0165
unique_copy,1l1h16d,0.0001,eval_len51-100,0.0
unique_copy,1l1h16d,0.0001,eval_len101-150,0.0
unique_copy,1l1h64d,0.001,eval_len0-50,0.0195
unique_copy,1l1h64d,0.001,eval_len51-100,0.0
unique_copy,1l1h64d,0.001,eval_len101-150,0.0
unique_copy,1l1h64d,0.0001,eval_len0-50,0.0075
unique_copy,1l1h64d,0.0001,eval_len51-100,0.0
unique_copy,1l1h64d,0.0001,eval_len101-150,0.0
unique_copy,1l1h256d,0.001,eval_len0-50,0.042
unique_copy,1l1h256d,0.001,eval_len51-100,0.0
unique_copy,1l1h256d,0.001,eval_len101-150,0.0
unique_copy,1l1h256d,0.0001,eval_len0-50,0.017
unique_copy,1l1h256d,0.0001,eval_len51-100,0.0
unique_copy,1l1h256d,0.0001,eval_len101-150,0.0
unique_copy,1l2h16d,0.001,eval_len0-50,0.002
unique_copy,1l2h16d,0.001,eval_len51-100,0.0
unique_copy,1l2h16d,0.001,eval_len101-150,0.0
unique_copy,1l2h16d,0.0001,eval_len0-50,0.017
unique_copy,1l2h16d,0.0001,eval_len51-100,0.0
unique_copy,1l2h16d,0.0001,eval_len101-150,0.0
unique_copy,1l2h64d,0.001,eval_len0-50,0.022
unique_copy,1l2h64d,0.001,eval_len51-100,0.0
unique_copy,1l2h64d,0.001,eval_len101-150,0.0
unique_copy,1l2h64d,0.0001,eval_len0-50,0.0085
unique_copy,1l2h64d,0.0001,eval_len51-100,0.0
unique_copy,1l2h64d,0.0001,eval_len101-150,0.0
unique_copy,1l2h256d,0.001,eval_len0-50,0.077
unique_copy,1l2h256d,0.001,eval_len51-100,0.0
unique_copy,1l2h256d,0.001,eval_len101-150,0.0
unique_copy,1l2h256d,0.0001,eval_len0-50,0.017
unique_copy,1l2h256d,0.0001,eval_len51-100,0.0
unique_copy,1l2h256d,0.0001,eval_len101-150,0.0
unique_copy,1l4h16d,0.001,eval_len0-50,0.0155
unique_copy,1l4h16d,0.001,eval_len51-100,0.0
unique_copy,1l4h16d,0.001,eval_len101-150,0.0
unique_copy,1l4h16d,0.0001,eval_len0-50,0.004
unique_copy,1l4h16d,0.0001,eval_len51-100,0.0
unique_copy,1l4h16d,0.0001,eval_len101-150,0.0
unique_copy,1l4h64d,0.001,eval_len0-50,0.0215
unique_copy,1l4h64d,0.001,eval_len51-100,0.0
unique_copy,1l4h64d,0.001,eval_len101-150,0.0
unique_copy,1l4h64d,0.0001,eval_len0-50,0.017
unique_copy,1l4h64d,0.0001,eval_len51-100,0.0
unique_copy,1l4h64d,0.0001,eval_len101-150,0.0
unique_copy,1l4h256d,0.001,eval_len0-50,0.084
unique_copy,1l4h256d,0.001,eval_len51-100,0.0
unique_copy,1l4h256d,0.001,eval_len101-150,0.0
unique_copy,1l4h256d,0.0001,eval_len0-50,0.0265
unique_copy,1l4h256d,0.0001,eval_len51-100,0.0
unique_copy,1l4h256d,0.0001,eval_len101-150,0.0
unique_copy,2l1h16d,0.001,eval_len0-50,0.046
unique_copy,2l1h16d,0.001,eval_len51-100,0.0
unique_copy,2l1h16d,0.001,eval_len101-150,0.0
unique_copy,2l1h16d,0.0001,eval_len0-50,0.0005
unique_copy,2l1h16d,0.0001,eval_len51-100,0.0
unique_copy,2l1h16d,0.0001,eval_len101-150,0.0
unique_copy,2l1h64d,0.001,eval_len0-50,1.0
unique_copy,2l1h64d,0.001,eval_len51-100,1.0
unique_copy,2l1h64d,0.001,eval_len101-150,0.9965
